{
    "version": "0.4",
    "title": "Header",
    "type": "section",
    "metadata": {
        "template_type": "section-header",
        "include_in_zip": "1",
        "elementor_pro_required": null,
        "wp_page_template": "elementor_canvas"
    },
    "content": [
        {
            "id": "779a6e65",
            "settings": {
                "structure": "20",
                "background_background": "classic",
                "background_color": "#4A6CED"
            },
            "elements": [
                {
                    "id": "22d4ec76",
                    "settings": {
                        "_column_size": 50,
                        "_inline_size": 30,
                        "_inline_size_tablet": 50,
                        "_inline_size_mobile": 70
                    },
                    "elements": [
                        {
                            "id": "5d714d39",
                            "settings": {
                                "image": {
                                    "url": "https:\/\/wtkb.websitestemplateskits.com\/wp-content\/uploads\/2020\/09\/Copy_of_Add_a_heading-removebg-preview-1.png",
                                    "id": 7184
                                },
                                "image_size": "custom",
                                "image_custom_dimension": {
                                    "width": "180",
                                    "height": "60"
                                },
                                "_animation": "fadeInUp",
                                "animation_duration": "fast",
                                "_animation_delay": 0
                            },
                            "elements": [],
                            "isInner": false,
                            "widgetType": "image",
                            "elType": "widget"
                        }
                    ],
                    "isInner": false,
                    "elType": "column"
                },
                {
                    "id": "795d0163",
                    "settings": {
                        "_column_size": 50,
                        "_inline_size": 70,
                        "_inline_size_tablet": 50,
                        "_inline_size_mobile": 30
                    },
                    "elements": [
                        {
                            "id": "77da2533",
                            "settings": {
                                "menu": "dmagency",
                                "menu_typography_typography": "custom",
                                "menu_typography_font_family": "Montserrat",
                                "menu_typography_font_size": {
                                    "unit": "px",
                                    "size": 16,
                                    "sizes": []
                                },
                                "menu_typography_font_weight": "600",
                                "menu_typography_line_height": {
                                    "unit": "px",
                                    "size": 16,
                                    "sizes": []
                                },
                                "color_menu_item": "#FFFFFF",
                                "color_menu_item_hover": "#FD9E01",
                                "color_menu_item_active": "#FD9E01",
                                "color_dropdown_item": "#FFFFFF",
                                "background_color_dropdown_item": "#4A6CED",
                                "color_dropdown_item_hover": "#FD9E01",
                                "background_color_dropdown_item_hover": "#4A6CED",
                                "color_dropdown_item_active": "#FD9E01",
                                "background_color_dropdown_item_active": "#4A6CED",
                                "dropdown_typography_typography": "custom",
                                "dropdown_typography_font_family": "Montserrat",
                                "dropdown_typography_font_size": {
                                    "unit": "px",
                                    "size": 18,
                                    "sizes": []
                                },
                                "dropdown_typography_font_weight": "600",
                                "dropdown_typography_line_height": {
                                    "unit": "px",
                                    "size": 18,
                                    "sizes": []
                                },
                                "divider_border_color": "#FFFFFF",
                                "toggle_color": "#FFFFFF",
                                "toggle_hover_color": "#FD9E01",
                                "_padding": {
                                    "unit": "px",
                                    "top": "6",
                                    "right": "0",
                                    "bottom": "0",
                                    "left": "0",
                                    "isLinked": false
                                },
                                "_padding_tablet": {
                                    "unit": "px",
                                    "top": "12",
                                    "right": "0",
                                    "bottom": "0",
                                    "left": "0",
                                    "isLinked": false
                                },
                                "_padding_mobile": {
                                    "unit": "px",
                                    "top": "10",
                                    "right": "0",
                                    "bottom": "0",
                                    "left": "0",
                                    "isLinked": false
                                },
                                "_animation": "fadeInUp",
                                "animation_duration": "fast",
                                "_animation_delay": 0,
                                "_z_index": 4
                            },
                            "elements": [],
                            "isInner": false,
                            "widgetType": "navigation-menu",
                            "elType": "widget"
                        }
                    ],
                    "isInner": false,
                    "elType": "column"
                }
            ],
            "isInner": false,
            "elType": "section"
        }
    ]
}