{
    "version": "0.4",
    "title": "Blog (pro)",
    "type": "section",
    "metadata": {
        "template_type": "archive-blog",
        "include_in_zip": "1",
        "elementor_pro_required": "1",
        "wp_page_template": "elementor_header_footer"
    },
    "content": [
        {
            "id": "6d9b0dd6",
            "settings": {
                "content_width": {
                    "unit": "px",
                    "size": 1170,
                    "sizes": []
                },
                "background_background": "classic",
                "background_image": {
                    "url": "http:\/\/template-kit.ancorathemes.com\/blog-for-life\/wp-content\/uploads\/sites\/13\/2020\/06\/jonathan-borba-i2gom1zDv5Y-unsplash.jpg",
                    "id": 184
                },
                "background_position": "center center",
                "background_repeat": "no-repeat",
                "background_size": "cover",
                "background_motion_fx_motion_fx_scrolling": "yes",
                "background_motion_fx_translateX_effect": "yes",
                "background_motion_fx_translateX_speed": {
                    "unit": "px",
                    "size": 2,
                    "sizes": []
                },
                "background_overlay_background": "classic",
                "background_overlay_color": "#131517",
                "background_overlay_opacity": {
                    "unit": "px",
                    "size": 0.3,
                    "sizes": []
                },
                "margin": {
                    "unit": "px",
                    "top": "0",
                    "right": 0,
                    "bottom": "0",
                    "left": 0,
                    "isLinked": false
                },
                "padding": {
                    "unit": "px",
                    "top": "213",
                    "right": "30",
                    "bottom": "247",
                    "left": "30",
                    "isLinked": false
                },
                "structure": "20",
                "margin_tablet": {
                    "unit": "px",
                    "top": "0",
                    "right": 0,
                    "bottom": "0",
                    "left": 0,
                    "isLinked": false
                },
                "padding_tablet": {
                    "unit": "px",
                    "top": "92",
                    "right": "30",
                    "bottom": "98",
                    "left": "30",
                    "isLinked": false
                },
                "margin_mobile": {
                    "unit": "px",
                    "top": "0",
                    "right": 0,
                    "bottom": "0",
                    "left": 0,
                    "isLinked": false
                },
                "padding_mobile": {
                    "unit": "px",
                    "top": "73",
                    "right": "20",
                    "bottom": "78",
                    "left": "20",
                    "isLinked": false
                },
                "animation": "fadeIn",
                "animation_duration": "slow"
            },
            "elements": [
                {
                    "id": "61e69f2c",
                    "settings": {
                        "_column_size": 50,
                        "_inline_size": 75,
                        "space_between_widgets": 0,
                        "margin": {
                            "unit": "px",
                            "top": "0",
                            "right": "0",
                            "bottom": "0",
                            "left": "0",
                            "isLinked": false
                        },
                        "padding": {
                            "unit": "px",
                            "top": "0",
                            "right": "0",
                            "bottom": "0",
                            "left": "0",
                            "isLinked": false
                        },
                        "_inline_size_tablet": 100,
                        "margin_tablet": {
                            "unit": "px",
                            "top": "0",
                            "right": "0",
                            "bottom": "0",
                            "left": "0",
                            "isLinked": false
                        },
                        "padding_tablet": {
                            "unit": "px",
                            "top": "0",
                            "right": "0",
                            "bottom": "0",
                            "left": "0",
                            "isLinked": false
                        }
                    },
                    "elements": [
                        {
                            "id": "5858c758",
                            "settings": {
                                "classic_columns": "1",
                                "classic_posts_per_page": 1,
                                "classic_thumbnail_size_size": "full",
                                "classic_item_ratio": {
                                    "unit": "px",
                                    "size": 0,
                                    "sizes": []
                                },
                                "classic_image_width": {
                                    "unit": "%",
                                    "size": 0,
                                    "sizes": []
                                },
                                "classic_title_tag": "h1",
                                "classic_meta_separator": "\/",
                                "classic_read_more_text": "Read More \u00bb",
                                "cards_meta_separator": "\u2022",
                                "cards_read_more_text": "Read More \u00bb",
                                "full_content_meta_separator": "\/\/\/",
                                "posts_include": [],
                                "posts_include_term_ids": [
                                    "54"
                                ],
                                "pagination_page_limit": "5",
                                "pagination_prev_label": "&laquo; Previous",
                                "pagination_next_label": "Next &raquo;",
                                "classic_columns_tablet": "1",
                                "classic_show_excerpt": "",
                                "classic_meta_data": [
                                    "author",
                                    "date"
                                ],
                                "classic_show_read_more": "",
                                "classic_column_gap": {
                                    "unit": "px",
                                    "size": 0,
                                    "sizes": []
                                },
                                "classic_row_gap": {
                                    "unit": "px",
                                    "size": 0,
                                    "sizes": []
                                },
                                "classic_box_border_width": {
                                    "unit": "px",
                                    "top": "0",
                                    "right": "0",
                                    "bottom": "0",
                                    "left": "0",
                                    "isLinked": false
                                },
                                "classic_box_padding": {
                                    "unit": "px",
                                    "top": "0",
                                    "right": "0",
                                    "bottom": "0",
                                    "left": "0",
                                    "isLinked": false
                                },
                                "classic_content_padding": {
                                    "unit": "px",
                                    "top": "0",
                                    "right": "0",
                                    "bottom": "0",
                                    "left": "0",
                                    "isLinked": false
                                },
                                "classic_title_color": "#FFFFFF",
                                "classic_title_typography_typography": "custom",
                                "classic_title_typography_font_size": {
                                    "unit": "rem",
                                    "size": 3.4375,
                                    "sizes": []
                                },
                                "classic_title_typography_font_size_tablet": {
                                    "unit": "rem",
                                    "size": 3,
                                    "sizes": []
                                },
                                "classic_title_typography_font_size_mobile": {
                                    "unit": "rem",
                                    "size": 2.3,
                                    "sizes": []
                                },
                                "classic_title_typography_text_transform": "none",
                                "classic_title_typography_line_height_tablet": {
                                    "unit": "em",
                                    "size": 1.1,
                                    "sizes": []
                                },
                                "classic_title_typography_letter_spacing": {
                                    "unit": "px",
                                    "size": -1.1,
                                    "sizes": []
                                },
                                "classic_title_spacing": {
                                    "unit": "px",
                                    "size": 30,
                                    "sizes": []
                                },
                                "classic_meta_color": "#FFFFFF",
                                "classic_meta_separator_color": "#FFFFFF",
                                "classic_meta_typography_typography": "custom",
                                "classic_meta_typography_font_size": {
                                    "unit": "rem",
                                    "size": 1.125,
                                    "sizes": []
                                },
                                "classic_meta_typography_font_weight": "400",
                                "classic_meta_typography_text_transform": "none",
                                "classic_meta_typography_font_style": "normal",
                                "classic_meta_typography_text_decoration": "none",
                                "classic_meta_typography_line_height": {
                                    "unit": "em",
                                    "size": 1,
                                    "sizes": []
                                },
                                "classic_meta_typography_letter_spacing": {
                                    "unit": "px",
                                    "size": 0,
                                    "sizes": []
                                },
                                "classic_meta_spacing": {
                                    "unit": "px",
                                    "size": 0,
                                    "sizes": []
                                },
                                "_margin": {
                                    "unit": "px",
                                    "top": "0",
                                    "right": "0",
                                    "bottom": "0",
                                    "left": "0",
                                    "isLinked": false
                                },
                                "_margin_tablet": {
                                    "unit": "px",
                                    "top": "0",
                                    "right": "0",
                                    "bottom": "0",
                                    "left": "0",
                                    "isLinked": false
                                },
                                "_margin_mobile": {
                                    "unit": "px",
                                    "top": "0",
                                    "right": "0",
                                    "bottom": "0",
                                    "left": "0",
                                    "isLinked": false
                                },
                                "_padding": {
                                    "unit": "px",
                                    "top": "0",
                                    "right": "0",
                                    "bottom": "0",
                                    "left": "0",
                                    "isLinked": false
                                },
                                "_padding_tablet": {
                                    "unit": "px",
                                    "top": "0",
                                    "right": "0",
                                    "bottom": "0",
                                    "left": "0",
                                    "isLinked": true
                                },
                                "_padding_mobile": {
                                    "unit": "px",
                                    "top": "0",
                                    "right": "0",
                                    "bottom": "0",
                                    "left": "0",
                                    "isLinked": true
                                },
                                "_animation": "fadeInRight",
                                "animation_duration": "fast",
                                "_background_background": "classic",
                                "_background_color": "rgba(255, 255, 255, 0)",
                                "classic_item_ratio_mobile": {
                                    "unit": "px",
                                    "size": 0,
                                    "sizes": []
                                },
                                "classic_image_width_mobile": {
                                    "unit": "%",
                                    "size": 0,
                                    "sizes": []
                                },
                                "classic_image_spacing": {
                                    "unit": "px",
                                    "size": 0,
                                    "sizes": []
                                }
                            },
                            "elements": [],
                            "isInner": false,
                            "widgetType": "posts",
                            "elType": "widget"
                        }
                    ],
                    "isInner": false,
                    "elType": "column"
                },
                {
                    "id": "18c0862d",
                    "settings": {
                        "_column_size": 50,
                        "_inline_size": 24.959,
                        "space_between_widgets": 0,
                        "margin": {
                            "unit": "px",
                            "top": "0",
                            "right": "0",
                            "bottom": "0",
                            "left": "0",
                            "isLinked": false
                        },
                        "padding": {
                            "unit": "px",
                            "top": "0",
                            "right": "0",
                            "bottom": "0",
                            "left": "0",
                            "isLinked": false
                        },
                        "hide_tablet": "hidden-tablet",
                        "hide_mobile": "hidden-phone"
                    },
                    "elements": [],
                    "isInner": false,
                    "elType": "column"
                }
            ],
            "isInner": false,
            "elType": "section"
        },
        {
            "id": "3c496060",
            "settings": {
                "content_width": {
                    "unit": "px",
                    "size": 1170,
                    "sizes": []
                },
                "background_background": "classic",
                "background_color": "#FFFFFF",
                "heading_color": "#131517",
                "color_link": "#131517",
                "color_link_hover": "#FD4145",
                "margin": {
                    "unit": "px",
                    "top": "0",
                    "right": 0,
                    "bottom": "0",
                    "left": 0,
                    "isLinked": false
                },
                "padding": {
                    "unit": "px",
                    "top": "100",
                    "right": "30",
                    "bottom": "0",
                    "left": "30",
                    "isLinked": false
                },
                "margin_tablet": {
                    "unit": "px",
                    "top": "0",
                    "right": 0,
                    "bottom": "0",
                    "left": 0,
                    "isLinked": false
                },
                "margin_mobile": {
                    "unit": "px",
                    "top": "0",
                    "right": 0,
                    "bottom": "0",
                    "left": 0,
                    "isLinked": false
                },
                "padding_tablet": {
                    "unit": "px",
                    "top": "80",
                    "right": "30",
                    "bottom": "0",
                    "left": "30",
                    "isLinked": false
                },
                "padding_mobile": {
                    "unit": "px",
                    "top": "60",
                    "right": "20",
                    "bottom": "0",
                    "left": "20",
                    "isLinked": false
                }
            },
            "elements": [
                {
                    "id": "287007e",
                    "settings": {
                        "_column_size": 100,
                        "_inline_size": null,
                        "space_between_widgets": 0,
                        "margin": {
                            "unit": "px",
                            "top": "0",
                            "right": "0",
                            "bottom": "0",
                            "left": "0",
                            "isLinked": false
                        },
                        "padding": {
                            "unit": "px",
                            "top": "0",
                            "right": "0",
                            "bottom": "0",
                            "left": "0",
                            "isLinked": false
                        }
                    },
                    "elements": [
                        {
                            "id": "620d15d8",
                            "settings": {
                                "classic_columns": "6",
                                "classic_thumbnail_size_size": "full",
                                "classic_item_ratio": {
                                    "unit": "px",
                                    "size": 1,
                                    "sizes": []
                                },
                                "classic_title_tag": "h6",
                                "classic_show_excerpt": "",
                                "classic_meta_data": [
                                    "date"
                                ],
                                "classic_meta_separator": "",
                                "classic_show_read_more": "",
                                "classic_read_more_text": "Read More \u00bb",
                                "cards_meta_separator": "\u2022",
                                "cards_read_more_text": "Read More \u00bb",
                                "full_content_meta_separator": "\/\/\/",
                                "posts_include": [],
                                "posts_include_term_ids": [
                                    "44"
                                ],
                                "posts_order": "asc",
                                "classic_row_gap": {
                                    "unit": "px",
                                    "size": 30,
                                    "sizes": []
                                },
                                "classic_title_typography_typography": "custom",
                                "classic_title_typography_font_size": {
                                    "unit": "rem",
                                    "size": 1.063,
                                    "sizes": []
                                },
                                "classic_title_typography_font_weight": "500",
                                "classic_title_typography_text_transform": "none",
                                "classic_title_typography_font_style": "normal",
                                "classic_title_typography_text_decoration": "none",
                                "classic_title_typography_line_height": {
                                    "unit": "em",
                                    "size": 1.5,
                                    "sizes": []
                                },
                                "classic_title_typography_letter_spacing": {
                                    "unit": "px",
                                    "size": -0.34,
                                    "sizes": []
                                },
                                "classic_title_spacing": {
                                    "unit": "px",
                                    "size": 10,
                                    "sizes": []
                                },
                                "classic_meta_color": "#131517",
                                "classic_meta_separator_color": "#131517",
                                "classic_meta_typography_typography": "custom",
                                "classic_meta_typography_font_size": {
                                    "unit": "rem",
                                    "size": 0.938,
                                    "sizes": []
                                },
                                "classic_meta_typography_font_weight": "400",
                                "classic_meta_typography_text_transform": "none",
                                "classic_meta_typography_font_style": "normal",
                                "classic_meta_typography_text_decoration": "none",
                                "classic_meta_typography_line_height": {
                                    "unit": "em",
                                    "size": 1.5,
                                    "sizes": []
                                },
                                "classic_meta_typography_letter_spacing": {
                                    "unit": "px",
                                    "size": 0,
                                    "sizes": []
                                },
                                "classic_meta_spacing": {
                                    "unit": "px",
                                    "size": 0,
                                    "sizes": []
                                },
                                "pagination_page_limit": "5",
                                "pagination_prev_label": "&laquo; Previous",
                                "pagination_next_label": "Next &raquo;",
                                "classic_img_border_radius": {
                                    "unit": "px",
                                    "top": "0",
                                    "right": "0",
                                    "bottom": "0",
                                    "left": "0",
                                    "isLinked": false
                                },
                                "classic_image_spacing": {
                                    "unit": "px",
                                    "size": 23,
                                    "sizes": []
                                },
                                "classic_thumbnail_hover_filters_css_filter": "custom",
                                "classic_thumbnail_hover_filters_brightness": {
                                    "unit": "px",
                                    "size": 70,
                                    "sizes": []
                                },
                                "classic_columns_tablet": "3",
                                "classic_item_ratio_mobile": {
                                    "unit": "px",
                                    "size": 0.6,
                                    "sizes": []
                                },
                                "classic_title_typography_font_size_mobile": {
                                    "unit": "rem",
                                    "size": "",
                                    "sizes": []
                                },
                                "classic_title_typography_line_height_tablet": {
                                    "unit": "em",
                                    "size": 1.2,
                                    "sizes": []
                                },
                                "classic_meta_typography_font_size_tablet": {
                                    "unit": "rem",
                                    "size": "",
                                    "sizes": []
                                },
                                "classic_meta_typography_line_height_tablet": {
                                    "unit": "em",
                                    "size": 1,
                                    "sizes": []
                                },
                                "_margin": {
                                    "unit": "px",
                                    "top": "0",
                                    "right": "0",
                                    "bottom": "0",
                                    "left": "0",
                                    "isLinked": false
                                },
                                "_padding": {
                                    "unit": "px",
                                    "top": "0",
                                    "right": "0",
                                    "bottom": "0",
                                    "left": "0",
                                    "isLinked": false
                                },
                                "_animation": "fadeInUp",
                                "animation_duration": "fast"
                            },
                            "elements": [],
                            "isInner": false,
                            "widgetType": "posts",
                            "elType": "widget"
                        }
                    ],
                    "isInner": false,
                    "elType": "column"
                }
            ],
            "isInner": false,
            "elType": "section"
        },
        {
            "id": "4cb5ace",
            "settings": {
                "content_width": {
                    "unit": "px",
                    "size": 1170,
                    "sizes": []
                },
                "background_background": "classic",
                "background_color": "#FFFFFF",
                "heading_color": "#131517",
                "color_link": "#131517",
                "color_link_hover": "#FD4145",
                "margin": {
                    "unit": "px",
                    "top": "0",
                    "right": 0,
                    "bottom": "0",
                    "left": 0,
                    "isLinked": false
                },
                "padding": {
                    "unit": "px",
                    "top": "88",
                    "right": "30",
                    "bottom": "0",
                    "left": "30",
                    "isLinked": false
                },
                "margin_tablet": {
                    "unit": "px",
                    "top": "0",
                    "right": 0,
                    "bottom": "0",
                    "left": 0,
                    "isLinked": false
                },
                "margin_mobile": {
                    "unit": "px",
                    "top": "0",
                    "right": 0,
                    "bottom": "0",
                    "left": 0,
                    "isLinked": false
                },
                "padding_tablet": {
                    "unit": "px",
                    "top": "72",
                    "right": "30",
                    "bottom": "0",
                    "left": "30",
                    "isLinked": false
                },
                "padding_mobile": {
                    "unit": "px",
                    "top": "52",
                    "right": "20",
                    "bottom": "0",
                    "left": "20",
                    "isLinked": false
                }
            },
            "elements": [
                {
                    "id": "62a38878",
                    "settings": {
                        "_column_size": 100,
                        "_inline_size": null,
                        "space_between_widgets": 0,
                        "margin": {
                            "unit": "px",
                            "top": "0",
                            "right": "0",
                            "bottom": "0",
                            "left": "0",
                            "isLinked": false
                        },
                        "padding": {
                            "unit": "px",
                            "top": "0",
                            "right": "0",
                            "bottom": "0",
                            "left": "0",
                            "isLinked": false
                        }
                    },
                    "elements": [
                        {
                            "id": "4261b5ea",
                            "settings": {
                                "title": "Recent Posts",
                                "_margin": {
                                    "unit": "px",
                                    "top": "0",
                                    "right": "0",
                                    "bottom": "0",
                                    "left": "0",
                                    "isLinked": false
                                },
                                "_padding": {
                                    "unit": "px",
                                    "top": "0",
                                    "right": "0",
                                    "bottom": "0",
                                    "left": "0",
                                    "isLinked": false
                                },
                                "header_size": "h3",
                                "_animation": "fadeInUp",
                                "animation_duration": "fast"
                            },
                            "elements": [],
                            "isInner": false,
                            "widgetType": "heading",
                            "elType": "widget"
                        },
                        {
                            "id": "6131652e",
                            "settings": {
                                "classic_posts_per_page": 9,
                                "classic_masonry": "yes",
                                "classic_thumbnail_size_size": "full",
                                "classic_show_excerpt": "",
                                "classic_meta_data": [
                                    "date"
                                ],
                                "classic_meta_separator": "\/",
                                "classic_show_read_more": "",
                                "classic_read_more_text": "Read More \u00bb",
                                "cards_meta_separator": "\u2022",
                                "cards_read_more_text": "Read More \u00bb",
                                "full_content_meta_separator": "\/\/\/",
                                "posts_include": [],
                                "posts_include_term_ids": [
                                    "45"
                                ],
                                "posts_order": "asc",
                                "classic_row_gap": {
                                    "unit": "px",
                                    "size": 37,
                                    "sizes": []
                                },
                                "classic_title_typography_typography": "custom",
                                "classic_title_typography_font_size": {
                                    "unit": "rem",
                                    "size": 1.625,
                                    "sizes": []
                                },
                                "classic_title_typography_font_weight": "500",
                                "classic_title_typography_text_transform": "none",
                                "classic_title_typography_font_style": "normal",
                                "classic_title_typography_text_decoration": "none",
                                "classic_title_typography_line_height": {
                                    "unit": "em",
                                    "size": 1.231,
                                    "sizes": []
                                },
                                "classic_title_typography_letter_spacing": {
                                    "unit": "px",
                                    "size": -0.52,
                                    "sizes": []
                                },
                                "classic_title_spacing": {
                                    "unit": "px",
                                    "size": 0,
                                    "sizes": []
                                },
                                "classic_meta_color": "#131517",
                                "classic_meta_separator_color": "#131517",
                                "classic_meta_typography_typography": "custom",
                                "classic_meta_typography_font_size": {
                                    "unit": "rem",
                                    "size": 1.125,
                                    "sizes": []
                                },
                                "classic_meta_typography_font_weight": "400",
                                "classic_meta_typography_text_transform": "none",
                                "classic_meta_typography_font_style": "normal",
                                "classic_meta_typography_text_decoration": "none",
                                "classic_meta_typography_line_height": {
                                    "unit": "em",
                                    "size": 2.2,
                                    "sizes": []
                                },
                                "classic_meta_typography_letter_spacing": {
                                    "unit": "px",
                                    "size": 0,
                                    "sizes": []
                                },
                                "classic_meta_spacing": {
                                    "unit": "px",
                                    "size": 0,
                                    "sizes": []
                                },
                                "pagination_page_limit": "5",
                                "pagination_prev_label": "&laquo; Previous",
                                "pagination_next_label": "Next &raquo;",
                                "_margin": {
                                    "unit": "px",
                                    "top": "45",
                                    "right": "0",
                                    "bottom": "0",
                                    "left": "0",
                                    "isLinked": false
                                },
                                "_padding": {
                                    "unit": "px",
                                    "top": "0",
                                    "right": "0",
                                    "bottom": "0",
                                    "left": "0",
                                    "isLinked": false
                                },
                                "classic_image_spacing": {
                                    "unit": "px",
                                    "size": 24,
                                    "sizes": []
                                },
                                "classic_thumbnail_hover_filters_css_filter": "custom",
                                "classic_thumbnail_hover_filters_brightness": {
                                    "unit": "px",
                                    "size": 70,
                                    "sizes": []
                                },
                                "classic_columns_tablet": "3",
                                "classic_title_typography_font_size_tablet": {
                                    "unit": "rem",
                                    "size": 1.2,
                                    "sizes": []
                                },
                                "classic_meta_typography_font_size_tablet": {
                                    "unit": "rem",
                                    "size": 1,
                                    "sizes": []
                                },
                                "classic_meta_typography_line_height_tablet": {
                                    "unit": "em",
                                    "size": 1.5,
                                    "sizes": []
                                },
                                "_margin_mobile": {
                                    "unit": "px",
                                    "top": "36",
                                    "right": "0",
                                    "bottom": "0",
                                    "left": "0",
                                    "isLinked": false
                                },
                                "_padding_tablet": {
                                    "unit": "px",
                                    "top": "0",
                                    "right": "0",
                                    "bottom": "0",
                                    "left": "0",
                                    "isLinked": false
                                },
                                "_padding_mobile": {
                                    "unit": "px",
                                    "top": "0",
                                    "right": "0",
                                    "bottom": "0",
                                    "left": "0",
                                    "isLinked": false
                                },
                                "_animation": "fadeIn",
                                "animation_duration": "slow"
                            },
                            "elements": [],
                            "isInner": false,
                            "widgetType": "posts",
                            "elType": "widget"
                        }
                    ],
                    "isInner": false,
                    "elType": "column"
                }
            ],
            "isInner": false,
            "elType": "section"
        },
        {
            "id": "3196f21b",
            "settings": {
                "content_width": {
                    "unit": "px",
                    "size": 1170,
                    "sizes": []
                },
                "background_background": "classic",
                "background_color": "#FFFFFF",
                "heading_color": "#131517",
                "color_link": "#131517",
                "color_link_hover": "#FD4145",
                "margin": {
                    "unit": "px",
                    "top": "0",
                    "right": 0,
                    "bottom": "0",
                    "left": 0,
                    "isLinked": false
                },
                "padding": {
                    "unit": "px",
                    "top": "81",
                    "right": "30",
                    "bottom": "95",
                    "left": "30",
                    "isLinked": false
                },
                "margin_tablet": {
                    "unit": "px",
                    "top": "0",
                    "right": 0,
                    "bottom": "0",
                    "left": 0,
                    "isLinked": false
                },
                "margin_mobile": {
                    "unit": "px",
                    "top": "0",
                    "right": 0,
                    "bottom": "0",
                    "left": 0,
                    "isLinked": false
                },
                "padding_tablet": {
                    "unit": "px",
                    "top": "67",
                    "right": "30",
                    "bottom": "78",
                    "left": "30",
                    "isLinked": false
                },
                "padding_mobile": {
                    "unit": "px",
                    "top": "48",
                    "right": "20",
                    "bottom": "60",
                    "left": "20",
                    "isLinked": false
                }
            },
            "elements": [
                {
                    "id": "350f744b",
                    "settings": {
                        "_column_size": 100,
                        "_inline_size": null,
                        "space_between_widgets": 0,
                        "margin": {
                            "unit": "px",
                            "top": "0",
                            "right": "0",
                            "bottom": "0",
                            "left": "0",
                            "isLinked": false
                        },
                        "padding": {
                            "unit": "px",
                            "top": "0",
                            "right": "0",
                            "bottom": "0",
                            "left": "0",
                            "isLinked": false
                        }
                    },
                    "elements": [
                        {
                            "id": "dc32349",
                            "settings": {
                                "title": "Latest Posts",
                                "_margin": {
                                    "unit": "px",
                                    "top": "0",
                                    "right": "0",
                                    "bottom": "0",
                                    "left": "0",
                                    "isLinked": false
                                },
                                "_padding": {
                                    "unit": "px",
                                    "top": "0",
                                    "right": "0",
                                    "bottom": "0",
                                    "left": "0",
                                    "isLinked": false
                                },
                                "_animation": "fadeInUp",
                                "animation_duration": "fast"
                            },
                            "elements": [],
                            "isInner": false,
                            "widgetType": "heading",
                            "elType": "widget"
                        },
                        {
                            "id": "4cbf967f",
                            "settings": {
                                "classic_posts_per_page": 3,
                                "classic_thumbnail_size_size": "full",
                                "classic_meta_separator": "\/",
                                "classic_read_more_text": "Read Article",
                                "cards_meta_separator": "\u2022",
                                "cards_read_more_text": "Read More \u00bb",
                                "full_content_meta_separator": "\/\/\/",
                                "posts_include": [],
                                "posts_include_term_ids": [
                                    "46"
                                ],
                                "classic_row_gap": {
                                    "unit": "px",
                                    "size": 30,
                                    "sizes": []
                                },
                                "classic_title_typography_typography": "custom",
                                "classic_title_typography_font_size": {
                                    "unit": "rem",
                                    "size": 1.625,
                                    "sizes": []
                                },
                                "classic_title_typography_font_weight": "500",
                                "classic_title_typography_text_transform": "none",
                                "classic_title_typography_font_style": "normal",
                                "classic_title_typography_text_decoration": "none",
                                "classic_title_typography_line_height": {
                                    "unit": "em",
                                    "size": 1.231,
                                    "sizes": []
                                },
                                "classic_title_typography_letter_spacing": {
                                    "unit": "px",
                                    "size": -0.52,
                                    "sizes": []
                                },
                                "classic_title_spacing": {
                                    "unit": "px",
                                    "size": 0,
                                    "sizes": []
                                },
                                "classic_meta_color": "#131517",
                                "classic_meta_separator_color": "#131517",
                                "classic_meta_typography_typography": "custom",
                                "classic_meta_typography_font_size": {
                                    "unit": "rem",
                                    "size": 1.125,
                                    "sizes": []
                                },
                                "classic_meta_typography_font_weight": "400",
                                "classic_meta_typography_text_transform": "none",
                                "classic_meta_typography_font_style": "normal",
                                "classic_meta_typography_text_decoration": "none",
                                "classic_meta_typography_line_height": {
                                    "unit": "em",
                                    "size": 2.1,
                                    "sizes": []
                                },
                                "classic_meta_typography_letter_spacing": {
                                    "unit": "px",
                                    "size": 0,
                                    "sizes": []
                                },
                                "classic_meta_spacing": {
                                    "unit": "px",
                                    "size": 11,
                                    "sizes": []
                                },
                                "pagination_page_limit": "5",
                                "pagination_prev_label": "&laquo; Previous",
                                "pagination_next_label": "Next &raquo;",
                                "_margin": {
                                    "unit": "px",
                                    "top": "34",
                                    "right": "0",
                                    "bottom": "0",
                                    "left": "0",
                                    "isLinked": false
                                },
                                "_padding": {
                                    "unit": "px",
                                    "top": "0",
                                    "right": "0",
                                    "bottom": "0",
                                    "left": "0",
                                    "isLinked": false
                                },
                                "classic_item_ratio": {
                                    "unit": "px",
                                    "size": 0.764,
                                    "sizes": []
                                },
                                "classic_title_tag": "h4",
                                "classic_img_border_radius": {
                                    "unit": "px",
                                    "top": "0",
                                    "right": "0",
                                    "bottom": "0",
                                    "left": "0",
                                    "isLinked": false
                                },
                                "classic_thumbnail_hover_filters_css_filter": "custom",
                                "classic_thumbnail_hover_filters_brightness": {
                                    "unit": "px",
                                    "size": 70,
                                    "sizes": []
                                },
                                "classic_excerpt_color": "#717578",
                                "classic_excerpt_typography_typography": "custom",
                                "classic_excerpt_typography_font_size": {
                                    "unit": "rem",
                                    "size": 1.063,
                                    "sizes": []
                                },
                                "classic_excerpt_typography_font_weight": "400",
                                "classic_excerpt_typography_text_transform": "none",
                                "classic_excerpt_typography_font_style": "normal",
                                "classic_excerpt_typography_text_decoration": "none",
                                "classic_excerpt_typography_line_height": {
                                    "unit": "em",
                                    "size": 1.65,
                                    "sizes": []
                                },
                                "classic_excerpt_typography_letter_spacing": {
                                    "unit": "px",
                                    "size": 0,
                                    "sizes": []
                                },
                                "classic_excerpt_spacing": {
                                    "unit": "px",
                                    "size": 20,
                                    "sizes": []
                                },
                                "classic_read_more_typography_typography": "custom",
                                "classic_read_more_typography_font_size": {
                                    "unit": "rem",
                                    "size": 1.063,
                                    "sizes": []
                                },
                                "classic_read_more_typography_text_decoration": "underline",
                                "classic_read_more_spacing": {
                                    "unit": "px",
                                    "size": 0,
                                    "sizes": []
                                },
                                "classic_image_spacing": {
                                    "unit": "px",
                                    "size": 35,
                                    "sizes": []
                                },
                                "classic_item_ratio_mobile": {
                                    "unit": "px",
                                    "size": 0.6,
                                    "sizes": []
                                },
                                "classic_title_typography_font_size_tablet": {
                                    "unit": "rem",
                                    "size": 1.4,
                                    "sizes": []
                                },
                                "classic_meta_typography_font_size_tablet": {
                                    "unit": "rem",
                                    "size": 1,
                                    "sizes": []
                                },
                                "classic_meta_typography_line_height_tablet": {
                                    "unit": "em",
                                    "size": 1.5,
                                    "sizes": []
                                },
                                "classic_excerpt_typography_font_size_tablet": {
                                    "unit": "rem",
                                    "size": 1,
                                    "sizes": []
                                },
                                "classic_excerpt_typography_line_height_tablet": {
                                    "unit": "em",
                                    "size": 1.3,
                                    "sizes": []
                                },
                                "classic_read_more_typography_font_size_tablet": {
                                    "unit": "rem",
                                    "size": 1,
                                    "sizes": []
                                },
                                "classic_read_more_typography_font_weight": "500",
                                "classic_read_more_typography_text_transform": "none",
                                "classic_read_more_typography_line_height": {
                                    "unit": "em",
                                    "size": 2,
                                    "sizes": []
                                },
                                "classic_read_more_typography_line_height_tablet": {
                                    "unit": "em",
                                    "size": 1,
                                    "sizes": []
                                },
                                "classic_read_more_typography_letter_spacing": {
                                    "unit": "px",
                                    "size": -0.34,
                                    "sizes": []
                                },
                                "_animation": "fadeInUp",
                                "animation_duration": "fast",
                                "_animation_delay": 200,
                                "posts_order": "asc"
                            },
                            "elements": [],
                            "isInner": false,
                            "widgetType": "posts",
                            "elType": "widget"
                        }
                    ],
                    "isInner": false,
                    "elType": "column"
                }
            ],
            "isInner": false,
            "elType": "section"
        }
    ]
}