{
    "version": "0.4",
    "title": "Global Kit Styles",
    "type": "section",
    "metadata": {
        "template_type": "global-styles",
        "include_in_zip": "1",
        "elementor_pro_required": "1",
        "additional_template_information": [
            "These are the global theme styles configured through the Elementor Theme Styles area."
        ],
        "wp_page_template": "default"
    },
    "content": [],
    "page_settings": {
        "body_color": "#717578",
        "body_typography_typography": "custom",
        "body_typography_font_family": "Ubuntu",
        "body_typography_font_size": {
            "unit": "rem",
            "size": "1.063",
            "sizes": []
        },
        "link_normal_typography_typography": "custom",
        "link_normal_typography_font_family": "Ubuntu",
        "link_normal_typography_font_size": {
            "unit": "rem",
            "size": "1.063",
            "sizes": []
        },
        "link_normal_typography_font_weight": "500",
        "link_normal_typography_text_transform": "capitalize",
        "link_normal_typography_font_style": "normal",
        "link_normal_typography_text_decoration": "none",
        "link_normal_typography_letter_spacing": {
            "unit": "px",
            "size": "0",
            "sizes": []
        },
        "h1_color": "#FFFFFF",
        "h1_typography_typography": "custom",
        "h1_typography_font_family": "Ubuntu",
        "h1_typography_font_size": {
            "unit": "rem",
            "size": "3.4375",
            "sizes": []
        },
        "h1_typography_font_weight": "500",
        "h1_typography_text_transform": "capitalize",
        "h1_typography_font_style": "normal",
        "h1_typography_text_decoration": "none",
        "h1_typography_line_height": {
            "unit": "em",
            "size": "1.127",
            "sizes": []
        },
        "h1_typography_letter_spacing": {
            "unit": "px",
            "size": "-1.1",
            "sizes": []
        },
        "h2_color": "#131517",
        "h2_typography_typography": "custom",
        "h2_typography_font_family": "Ubuntu",
        "h2_typography_font_size": {
            "unit": "rem",
            "size": "2.625",
            "sizes": []
        },
        "h2_typography_font_weight": "500",
        "h2_typography_text_transform": "none",
        "h2_typography_font_style": "normal",
        "h2_typography_text_decoration": "none",
        "h2_typography_line_height": {
            "unit": "em",
            "size": "1.071",
            "sizes": []
        },
        "h2_typography_letter_spacing": {
            "unit": "px",
            "size": "-0.84",
            "sizes": []
        },
        "h3_color": "#131517",
        "h3_typography_typography": "custom",
        "h3_typography_font_family": "Ubuntu",
        "h3_typography_font_size": {
            "unit": "rem",
            "size": "2",
            "sizes": []
        },
        "h3_typography_font_weight": "500",
        "h3_typography_text_transform": "none",
        "h3_typography_font_style": "normal",
        "h3_typography_text_decoration": "none",
        "h3_typography_line_height": {
            "unit": "em",
            "size": "1.231",
            "sizes": []
        },
        "h3_typography_letter_spacing": {
            "unit": "px",
            "size": "-0.64",
            "sizes": []
        },
        "h4_color": "#131517",
        "h4_typography_typography": "custom",
        "h4_typography_font_family": "Ubuntu",
        "h4_typography_font_size": {
            "unit": "rem",
            "size": "1.625",
            "sizes": []
        },
        "h4_typography_font_weight": "500",
        "h4_typography_text_transform": "none",
        "h4_typography_font_style": "normal",
        "h4_typography_text_decoration": "none",
        "h4_typography_line_height": {
            "unit": "em",
            "size": "1.231",
            "sizes": []
        },
        "h4_typography_letter_spacing": {
            "unit": "px",
            "size": "-0.52",
            "sizes": []
        },
        "h5_color": "#131517",
        "h6_color": "#131517",
        "button_typography_typography": "custom",
        "button_typography_font_family": "Ubuntu",
        "button_typography_font_size": {
            "unit": "rem",
            "size": "1.063",
            "sizes": []
        },
        "button_typography_font_weight": "500",
        "button_typography_text_transform": "uppercase",
        "button_typography_font_style": "normal",
        "button_typography_text_decoration": "none",
        "button_typography_line_height": {
            "unit": "em",
            "size": "1",
            "sizes": []
        },
        "button_typography_letter_spacing": {
            "unit": "px",
            "size": "1.7",
            "sizes": []
        },
        "button_text_color": "#FFFFFF",
        "button_background_color": "#FD4145",
        "button_hover_text_color": "#FFFFFF",
        "button_hover_background_color": "#131517",
        "button_border_radius": {
            "unit": "px",
            "top": "0",
            "right": "0",
            "bottom": "0",
            "left": "0",
            "isLinked": ""
        },
        "button_padding": {
            "unit": "px",
            "top": "10",
            "right": "16",
            "bottom": "10",
            "left": "16",
            "isLinked": ""
        },
        "body_background_background": "classic",
        "body_background_color": "#FFFFFF",
        "h2_typography_font_size_tablet": {
            "unit": "rem",
            "size": "2.2",
            "sizes": []
        },
        "h1_typography_font_size_mobile": {
            "unit": "rem",
            "size": "2.4",
            "sizes": []
        },
        "h2_typography_font_size_mobile": {
            "unit": "rem",
            "size": "2",
            "sizes": []
        },
        "h5_typography_typography": "custom",
        "h5_typography_font_size": {
            "unit": "rem",
            "size": "1.25",
            "sizes": []
        },
        "h5_typography_font_weight": "500",
        "h5_typography_text_transform": "none",
        "h5_typography_font_style": "normal",
        "h5_typography_text_decoration": "none",
        "h5_typography_line_height": {
            "unit": "em",
            "size": "1",
            "sizes": []
        },
        "h5_typography_letter_spacing": {
            "unit": "px",
            "size": "-0.4",
            "sizes": []
        },
        "h4_typography_font_size_tablet": {
            "unit": "rem",
            "size": "1.2",
            "sizes": []
        },
        "button_typography_font_size_mobile": {
            "unit": "rem",
            "size": "0.9",
            "sizes": []
        },
        "body_typography_font_weight": "400",
        "body_typography_line_height": {
            "unit": "em",
            "size": "1.65",
            "sizes": []
        },
        "body_typography_letter_spacing": {
            "unit": "px",
            "size": "0",
            "sizes": []
        },
        "paragraph_spacing": {
            "unit": "px",
            "size": "30",
            "sizes": []
        },
        "body_typography_font_size_tablet": {
            "unit": "rem",
            "size": "1",
            "sizes": []
        },
        "body_typography_line_height_tablet": {
            "unit": "em",
            "size": "1.3",
            "sizes": []
        },
        "paragraph_spacing_tablet": {
            "unit": "px",
            "size": "20",
            "sizes": []
        },
        "paragraph_spacing_mobile": {
            "unit": "px",
            "size": "15",
            "sizes": []
        },
        "button_border_border": "solid",
        "button_border_width": {
            "unit": "px",
            "top": "0",
            "right": "0",
            "bottom": "0",
            "left": "0",
            "isLinked": "1"
        },
        "form_label_color": "#717578",
        "form_label_typography_typography": "custom",
        "form_label_typography_font_size": {
            "unit": "rem",
            "size": "1.063",
            "sizes": []
        },
        "form_label_typography_font_weight": "400",
        "form_label_typography_text_transform": "none",
        "form_label_typography_font_style": "normal",
        "form_label_typography_text_decoration": "none",
        "form_label_typography_line_height": {
            "unit": "em",
            "size": "2.3",
            "sizes": []
        },
        "form_label_typography_letter_spacing": {
            "unit": "px",
            "size": "0",
            "sizes": []
        },
        "form_field_typography_typography": "custom",
        "form_field_typography_font_size": {
            "unit": "rem",
            "size": "1",
            "sizes": []
        },
        "form_field_typography_font_weight": "400",
        "form_field_typography_text_transform": "none",
        "form_field_typography_font_style": "normal",
        "form_field_typography_text_decoration": "none",
        "form_field_typography_line_height": {
            "unit": "em",
            "size": "1.3",
            "sizes": []
        },
        "form_field_typography_letter_spacing": {
            "unit": "px",
            "size": "0",
            "sizes": []
        },
        "form_field_text_color": "#131517",
        "form_field_background_color": "#F7F8FA",
        "form_field_border_border": "solid",
        "form_field_border_width": {
            "unit": "px",
            "top": "0",
            "right": "0",
            "bottom": "0",
            "left": "0",
            "isLinked": "1"
        },
        "form_field_border_radius": {
            "unit": "px",
            "top": "0",
            "right": "0",
            "bottom": "0",
            "left": "0",
            "isLinked": ""
        },
        "form_field_padding": {
            "unit": "px",
            "top": "10",
            "right": "20",
            "bottom": "10",
            "left": "20",
            "isLinked": ""
        },
        "default_generic_fonts": "Sans-serif",
        "global_image_lightbox": "yes",
        "viewport_md": "",
        "viewport_lg": "",
        "custom_colors": [
            {
                "_id": "22e6b79e",
                "title": "Saved Color #5",
                "color": "#4054B2"
            },
            {
                "_id": "dd1c0e9",
                "title": "Saved Color #6",
                "color": "#23A455"
            },
            {
                "_id": "246eb5db",
                "title": "Saved Color #7",
                "color": "#000"
            },
            {
                "_id": "27dd3232",
                "title": "Saved Color #8",
                "color": "#FFF"
            }
        ]
    }
}