{
    "version": "0.4",
    "title": "Header Style 2",
    "type": "section",
    "metadata": {
        "template_type": "section-header",
        "include_in_zip": "1",
        "elementor_pro_required": null,
        "wp_page_template": "elementor_canvas"
    },
    "content": [
        {
            "id": "2439b548",
            "settings": {
                "structure": "30",
                "background_background": "classic",
                "background_color": "#FFFFFF",
                "margin": {
                    "unit": "px",
                    "top": "0",
                    "right": 0,
                    "bottom": "0",
                    "left": 0,
                    "isLinked": false
                },
                "padding": {
                    "unit": "px",
                    "top": "45",
                    "right": "30",
                    "bottom": "57",
                    "left": "30",
                    "isLinked": false
                },
                "content_position": "middle",
                "content_width": {
                    "unit": "px",
                    "size": 1170,
                    "sizes": []
                },
                "margin_mobile": {
                    "unit": "px",
                    "top": "0",
                    "right": 0,
                    "bottom": "0",
                    "left": 0,
                    "isLinked": false
                },
                "padding_mobile": {
                    "unit": "px",
                    "top": "30",
                    "right": "20",
                    "bottom": "30",
                    "left": "20",
                    "isLinked": false
                }
            },
            "elements": [
                {
                    "id": "76268273",
                    "settings": {
                        "_column_size": 33,
                        "_inline_size": null,
                        "space_between_widgets": 0,
                        "margin": {
                            "unit": "px",
                            "top": "0",
                            "right": "20",
                            "bottom": "0",
                            "left": "0",
                            "isLinked": false
                        },
                        "padding": {
                            "unit": "px",
                            "top": "0",
                            "right": "0",
                            "bottom": "0",
                            "left": "0",
                            "isLinked": false
                        },
                        "_inline_size_mobile": 35,
                        "margin_mobile": {
                            "unit": "px",
                            "top": "0",
                            "right": "10",
                            "bottom": "0",
                            "left": "0",
                            "isLinked": false
                        },
                        "padding_mobile": {
                            "unit": "px",
                            "top": "0",
                            "right": "0",
                            "bottom": "0",
                            "left": "0",
                            "isLinked": false
                        }
                    },
                    "elements": [
                        {
                            "id": "6099a079",
                            "settings": {
                                "layout": "dropdown",
                                "align_items": "center",
                                "pointer": "none",
                                "dropdown": "none",
                                "full_width": "stretch",
                                "text_align": "center",
                                "toggle_align": "left",
                                "menu_typography_typography": "custom",
                                "menu_typography_font_size": {
                                    "unit": "rem",
                                    "size": 1.125,
                                    "sizes": []
                                },
                                "menu_typography_font_weight": "500",
                                "menu_typography_text_transform": "capitalize",
                                "menu_typography_font_style": "normal",
                                "menu_typography_text_decoration": "none",
                                "menu_typography_line_height": {
                                    "unit": "em",
                                    "size": 1,
                                    "sizes": []
                                },
                                "menu_typography_letter_spacing": {
                                    "unit": "px",
                                    "size": 0,
                                    "sizes": []
                                },
                                "color_menu_item": "#131517",
                                "color_menu_item_hover": "#FD4145",
                                "shrink_color_menu_item": "#131517",
                                "color_dropdown_item": "#131517",
                                "background_color_dropdown_item": "#F7F8FA",
                                "color_dropdown_item_hover": "#FD4145",
                                "background_color_dropdown_item_hover": "#F7F8FA",
                                "color_dropdown_item_active": "#FD4145",
                                "background_color_dropdown_item_active": "#FFFFFF",
                                "dropdown_typography_typography": "custom",
                                "dropdown_typography_font_size": {
                                    "unit": "rem",
                                    "size": 1.125,
                                    "sizes": []
                                },
                                "dropdown_typography_font_size_tablet": {
                                    "unit": "rem",
                                    "size": 1.063,
                                    "sizes": []
                                },
                                "dropdown_typography_font_weight": "500",
                                "dropdown_typography_text_transform": "none",
                                "dropdown_typography_font_style": "normal",
                                "dropdown_typography_text_decoration": "none",
                                "dropdown_typography_letter_spacing": {
                                    "unit": "px",
                                    "size": 0,
                                    "sizes": []
                                },
                                "dropdown_border_border": "solid",
                                "dropdown_border_width": {
                                    "unit": "px",
                                    "top": "35",
                                    "right": "0",
                                    "bottom": "35",
                                    "left": "0",
                                    "isLinked": false
                                },
                                "dropdown_border_width_mobile": {
                                    "unit": "px",
                                    "top": "20",
                                    "right": "0",
                                    "bottom": "20",
                                    "left": "0",
                                    "isLinked": false
                                },
                                "dropdown_border_color": "#F7F8FA",
                                "dropdown_border_radius": {
                                    "unit": "px",
                                    "top": "0",
                                    "right": "0",
                                    "bottom": "0",
                                    "left": "0",
                                    "isLinked": false
                                },
                                "padding_horizontal_dropdown_item": {
                                    "unit": "px",
                                    "size": 0,
                                    "sizes": []
                                },
                                "padding_vertical_dropdown_item": {
                                    "unit": "px",
                                    "size": 10,
                                    "sizes": []
                                },
                                "dropdown_top_distance": {
                                    "unit": "px",
                                    "size": 20,
                                    "sizes": []
                                },
                                "toggle_color": "#152035",
                                "toggle_background_color": "rgba(2, 1, 1, 0)",
                                "toggle_color_hover": "#FD4145",
                                "toggle_size": {
                                    "unit": "px",
                                    "size": 25,
                                    "sizes": []
                                },
                                "toggle_border_width": {
                                    "unit": "px",
                                    "size": 0,
                                    "sizes": []
                                },
                                "toggle_border_radius": {
                                    "unit": "px",
                                    "size": 0,
                                    "sizes": []
                                },
                                "_margin": {
                                    "unit": "px",
                                    "top": "0",
                                    "right": "0",
                                    "bottom": "0",
                                    "left": "0",
                                    "isLinked": false
                                },
                                "_padding": {
                                    "unit": "px",
                                    "top": "0",
                                    "right": "0",
                                    "bottom": "0",
                                    "left": "0",
                                    "isLinked": false
                                },
                                "_z_index": 2,
                                "_animation": "fadeInDown",
                                "animation_duration": "fast",
                                "_animation_delay": 100
                            },
                            "elements": [],
                            "isInner": false,
                            "widgetType": "nav-menu",
                            "elType": "widget"
                        }
                    ],
                    "isInner": false,
                    "elType": "column"
                },
                {
                    "id": "4cacb2ad",
                    "settings": {
                        "_column_size": 33,
                        "_inline_size": null,
                        "space_between_widgets": 0,
                        "margin": {
                            "unit": "px",
                            "top": "0",
                            "right": "10",
                            "bottom": "0",
                            "left": "10",
                            "isLinked": false
                        },
                        "padding": {
                            "unit": "px",
                            "top": "0",
                            "right": "0",
                            "bottom": "0",
                            "left": "0",
                            "isLinked": false
                        },
                        "_inline_size_mobile": 65,
                        "margin_mobile": {
                            "unit": "px",
                            "top": "0",
                            "right": "0",
                            "bottom": "0",
                            "left": "10",
                            "isLinked": false
                        }
                    },
                    "elements": [
                        {
                            "id": "79b7ec63",
                            "settings": {
                                "__dynamic__": {
                                    "image": "[elementor-tag id=\"\" name=\"site-logo\" settings=\"%7B%7D\"]",
                                    "link": "[elementor-tag id=\"\" name=\"site-url\" settings=\"%7B%7D\"]"
                                },
                                "image_size": "custom",
                                "image_custom_dimension": {
                                    "width": "314",
                                    "height": "82"
                                },
                                "align": "center",
                                "width": {
                                    "unit": "%",
                                    "size": 100,
                                    "sizes": []
                                },
                                "space": {
                                    "unit": "px",
                                    "size": 157,
                                    "sizes": []
                                },
                                "_margin": {
                                    "unit": "px",
                                    "top": "0",
                                    "right": "0",
                                    "bottom": "0",
                                    "left": "0",
                                    "isLinked": false
                                },
                                "_padding": {
                                    "unit": "px",
                                    "top": "0",
                                    "right": "0",
                                    "bottom": "0",
                                    "left": "0",
                                    "isLinked": false
                                },
                                "align_mobile": "right",
                                "_animation": "fadeInDown",
                                "animation_duration": "fast"
                            },
                            "elements": [],
                            "isInner": false,
                            "widgetType": "theme-site-logo",
                            "elType": "widget"
                        }
                    ],
                    "isInner": false,
                    "elType": "column"
                },
                {
                    "id": "2df46205",
                    "settings": {
                        "_column_size": 33,
                        "_inline_size": null,
                        "space_between_widgets": 0,
                        "margin": {
                            "unit": "px",
                            "top": "0",
                            "right": "0",
                            "bottom": "0",
                            "left": "20",
                            "isLinked": false
                        },
                        "padding": {
                            "unit": "px",
                            "top": "0",
                            "right": "0",
                            "bottom": "0",
                            "left": "0",
                            "isLinked": false
                        },
                        "_inline_size_mobile": 100,
                        "space_between_widgets_mobile": 0,
                        "margin_mobile": {
                            "unit": "px",
                            "top": "24",
                            "right": "0",
                            "bottom": "0",
                            "left": "0",
                            "isLinked": false
                        },
                        "padding_mobile": {
                            "unit": "px",
                            "top": "0",
                            "right": "0",
                            "bottom": "0",
                            "left": "0",
                            "isLinked": false
                        }
                    },
                    "elements": [
                        {
                            "id": "6a2cb7a2",
                            "settings": {
                                "social_icon_list": [
                                    {
                                        "social_icon": {
                                            "value": "fab fa-facebook-f",
                                            "library": "fa-brands"
                                        },
                                        "_id": "54bfdd9"
                                    },
                                    {
                                        "social_icon": {
                                            "value": "fab fa-twitter",
                                            "library": "fa-brands"
                                        },
                                        "_id": "7f3202f"
                                    },
                                    {
                                        "social_icon": {
                                            "value": "fab fa-instagram",
                                            "library": "fa-brands"
                                        },
                                        "_id": "5a3f58e"
                                    },
                                    {
                                        "social_icon": {
                                            "value": "fab fa-dribbble",
                                            "library": "fa-brands"
                                        },
                                        "_id": "7ec66d3"
                                    }
                                ],
                                "align": "right",
                                "icon_color": "custom",
                                "icon_primary_color": "rgba(255, 255, 255, 0)",
                                "icon_secondary_color": "#131517",
                                "icon_size": {
                                    "unit": "px",
                                    "size": 16,
                                    "sizes": []
                                },
                                "icon_padding": {
                                    "unit": "em",
                                    "size": 0,
                                    "sizes": []
                                },
                                "icon_spacing": {
                                    "unit": "px",
                                    "size": 31,
                                    "sizes": []
                                },
                                "border_radius": {
                                    "unit": "px",
                                    "top": "0",
                                    "right": "0",
                                    "bottom": "0",
                                    "left": "0",
                                    "isLinked": false
                                },
                                "hover_primary_color": "rgba(255, 255, 255, 0)",
                                "hover_secondary_color": "#FD4145",
                                "_margin": {
                                    "unit": "px",
                                    "top": "0",
                                    "right": "0",
                                    "bottom": "0",
                                    "left": "0",
                                    "isLinked": false
                                },
                                "_padding": {
                                    "unit": "px",
                                    "top": "10",
                                    "right": "0",
                                    "bottom": "0",
                                    "left": "0",
                                    "isLinked": false
                                },
                                "_animation": "fadeInDown",
                                "_margin_tablet": {
                                    "unit": "px",
                                    "top": "0",
                                    "right": "0",
                                    "bottom": "0",
                                    "left": "0",
                                    "isLinked": false
                                },
                                "_padding_tablet": {
                                    "unit": "px",
                                    "top": "10",
                                    "right": "0",
                                    "bottom": "0",
                                    "left": "0",
                                    "isLinked": false
                                },
                                "align_mobile": "right",
                                "icon_spacing_mobile": {
                                    "unit": "px",
                                    "size": 29,
                                    "sizes": []
                                },
                                "hover_animation": "shrink",
                                "_margin_mobile": {
                                    "unit": "px",
                                    "top": "0",
                                    "right": "0",
                                    "bottom": "0",
                                    "left": "0",
                                    "isLinked": false
                                },
                                "_padding_mobile": {
                                    "unit": "px",
                                    "top": "0",
                                    "right": "0",
                                    "bottom": "0",
                                    "left": "0",
                                    "isLinked": false
                                },
                                "_animation_mobile": "fadeIn",
                                "animation_duration": "fast",
                                "_animation_delay": 100,
                                "icon_spacing_tablet": {
                                    "unit": "px",
                                    "size": 20,
                                    "sizes": []
                                }
                            },
                            "elements": [],
                            "isInner": false,
                            "widgetType": "social-icons",
                            "elType": "widget"
                        }
                    ],
                    "isInner": false,
                    "elType": "column"
                }
            ],
            "isInner": false,
            "elType": "section"
        }
    ]
}