{
    "version": "0.4",
    "title": "Main Footer",
    "type": "footer",
    "metadata": {
        "template_type": "section-footer",
        "include_in_zip": "1",
        "elementor_pro_required": "1",
        "elementor_library_type": "footer",
        "elementor_pro_conditions": [
            "include\/general"
        ],
        "additional_template_information": [
            "This is a \"Footer\" template for Elementor Pro.",
            "This template will display on: Entire Site."
        ],
        "wp_page_template": "default"
    },
    "content": [
        {
            "id": "70f67afc",
            "settings": {
                "content_width": {
                    "unit": "px",
                    "size": 1170,
                    "sizes": []
                },
                "gap": "no",
                "content_position": "top",
                "html_tag": "footer",
                "structure": "30",
                "background_background": "classic",
                "background_color": "#131517",
                "margin": {
                    "unit": "px",
                    "top": "0",
                    "right": 0,
                    "bottom": "0",
                    "left": 0,
                    "isLinked": false
                },
                "padding": {
                    "unit": "px",
                    "top": "87",
                    "right": "0",
                    "bottom": "96",
                    "left": "0",
                    "isLinked": false
                },
                "margin_tablet": {
                    "unit": "px",
                    "top": "0",
                    "right": 0,
                    "bottom": "0",
                    "left": 0,
                    "isLinked": false
                },
                "margin_mobile": {
                    "unit": "px",
                    "top": "0",
                    "right": 0,
                    "bottom": "0",
                    "left": 0,
                    "isLinked": false
                },
                "padding_tablet": {
                    "unit": "px",
                    "top": "70",
                    "right": "30",
                    "bottom": "68",
                    "left": "30",
                    "isLinked": false
                },
                "padding_mobile": {
                    "unit": "px",
                    "top": "55",
                    "right": "20",
                    "bottom": "55",
                    "left": "20",
                    "isLinked": false
                },
                "animation_mobile": "fadeIn"
            },
            "elements": [
                {
                    "id": "65387bf5",
                    "settings": {
                        "_column_size": 33,
                        "_inline_size": null,
                        "space_between_widgets": 0,
                        "margin": {
                            "unit": "px",
                            "top": "0",
                            "right": "20",
                            "bottom": "0",
                            "left": "0",
                            "isLinked": false
                        },
                        "padding": {
                            "unit": "px",
                            "top": "5",
                            "right": "0",
                            "bottom": "0",
                            "left": "0",
                            "isLinked": false
                        },
                        "_inline_size_tablet": 30,
                        "_inline_size_mobile": 100,
                        "space_between_widgets_tablet": 0,
                        "space_between_widgets_mobile": 0,
                        "margin_mobile": {
                            "unit": "px",
                            "top": "0",
                            "right": "0",
                            "bottom": "0",
                            "left": "0",
                            "isLinked": false
                        },
                        "padding_mobile": {
                            "unit": "px",
                            "top": "0",
                            "right": "0",
                            "bottom": "0",
                            "left": "0",
                            "isLinked": false
                        },
                        "padding_tablet": {
                            "unit": "px",
                            "top": "0",
                            "right": "0",
                            "bottom": "0",
                            "left": "0",
                            "isLinked": false
                        }
                    },
                    "elements": [
                        {
                            "id": "6df188cb",
                            "settings": {
                                "image": {
                                    "url": "http:\/\/template-kit.ancorathemes.com\/blog-for-life\/wp-content\/uploads\/sites\/13\/2020\/06\/logowhite.png",
                                    "id": 1511
                                },
                                "image_size": "custom",
                                "image_custom_dimension": {
                                    "width": "314",
                                    "height": "82"
                                },
                                "align": "left",
                                "width": {
                                    "unit": "%",
                                    "size": 100,
                                    "sizes": []
                                },
                                "space": {
                                    "unit": "px",
                                    "size": 157,
                                    "sizes": []
                                },
                                "link_to": "custom"
                            },
                            "elements": [],
                            "isInner": false,
                            "widgetType": "image",
                            "elType": "widget"
                        }
                    ],
                    "isInner": false,
                    "elType": "column"
                },
                {
                    "id": "309260d3",
                    "settings": {
                        "_column_size": 33,
                        "_inline_size": null,
                        "space_between_widgets": 0,
                        "margin": {
                            "unit": "px",
                            "top": "0",
                            "right": "10",
                            "bottom": "0",
                            "left": "10",
                            "isLinked": false
                        },
                        "padding": {
                            "unit": "px",
                            "top": "9",
                            "right": "0",
                            "bottom": "0",
                            "left": "0",
                            "isLinked": false
                        },
                        "_inline_size_tablet": 45,
                        "space_between_widgets_tablet": 0,
                        "space_between_widgets_mobile": 0,
                        "margin_mobile": {
                            "unit": "px",
                            "top": "20",
                            "right": "0",
                            "bottom": "0",
                            "left": "0",
                            "isLinked": false
                        },
                        "padding_mobile": {
                            "unit": "px",
                            "top": "0",
                            "right": "0",
                            "bottom": "0",
                            "left": "0",
                            "isLinked": false
                        },
                        "margin_tablet": {
                            "unit": "px",
                            "top": "0",
                            "right": "10",
                            "bottom": "0",
                            "left": "10",
                            "isLinked": false
                        },
                        "padding_tablet": {
                            "unit": "px",
                            "top": "0",
                            "right": "0",
                            "bottom": "0",
                            "left": "0",
                            "isLinked": false
                        }
                    },
                    "elements": [
                        {
                            "id": "275a68b5",
                            "settings": {
                                "structure": "20",
                                "margin": {
                                    "unit": "px",
                                    "top": "0",
                                    "right": 0,
                                    "bottom": "0",
                                    "left": 0,
                                    "isLinked": false
                                },
                                "padding": {
                                    "unit": "px",
                                    "top": "0",
                                    "right": "0",
                                    "bottom": "0",
                                    "left": "0",
                                    "isLinked": false
                                },
                                "margin_mobile": {
                                    "unit": "px",
                                    "top": "0",
                                    "right": 0,
                                    "bottom": "0",
                                    "left": 0,
                                    "isLinked": false
                                },
                                "padding_mobile": {
                                    "unit": "px",
                                    "top": "0",
                                    "right": "0",
                                    "bottom": "0",
                                    "left": "0",
                                    "isLinked": false
                                }
                            },
                            "elements": [
                                {
                                    "id": "34ff4822",
                                    "settings": {
                                        "_column_size": 50,
                                        "_inline_size": null,
                                        "space_between_widgets": 0,
                                        "margin": {
                                            "unit": "px",
                                            "top": "0",
                                            "right": "15",
                                            "bottom": "0",
                                            "left": "0",
                                            "isLinked": false
                                        },
                                        "padding": {
                                            "unit": "px",
                                            "top": "0",
                                            "right": "0",
                                            "bottom": "0",
                                            "left": "0",
                                            "isLinked": false
                                        },
                                        "_inline_size_mobile": 50,
                                        "space_between_widgets_mobile": 0,
                                        "margin_mobile": {
                                            "unit": "px",
                                            "top": "0",
                                            "right": "15",
                                            "bottom": "0",
                                            "left": "0",
                                            "isLinked": false
                                        },
                                        "padding_mobile": {
                                            "unit": "px",
                                            "top": "0",
                                            "right": "0",
                                            "bottom": "0",
                                            "left": "0",
                                            "isLinked": false
                                        }
                                    },
                                    "elements": [
                                        {
                                            "id": "67003f67",
                                            "settings": {
                                                "layout": "vertical",
                                                "align_items": "left",
                                                "pointer": "none",
                                                "indicator": "none",
                                                "dropdown": "none",
                                                "menu_typography_typography": "custom",
                                                "menu_typography_font_size": {
                                                    "unit": "em",
                                                    "size": "",
                                                    "sizes": []
                                                },
                                                "menu_typography_font_weight": "600",
                                                "menu_typography_text_transform": "capitalize",
                                                "menu_typography_font_style": "normal",
                                                "menu_typography_text_decoration": "none",
                                                "menu_typography_line_height": {
                                                    "unit": "em",
                                                    "size": 1,
                                                    "sizes": []
                                                },
                                                "menu_typography_letter_spacing": {
                                                    "unit": "px",
                                                    "size": 0,
                                                    "sizes": []
                                                },
                                                "color_menu_item": "#FFFFFF",
                                                "color_menu_item_hover": "#FD4145",
                                                "padding_horizontal_menu_item": {
                                                    "unit": "px",
                                                    "size": 0,
                                                    "sizes": []
                                                },
                                                "padding_horizontal_menu_item_tablet": {
                                                    "unit": "px",
                                                    "size": 0,
                                                    "sizes": []
                                                },
                                                "padding_horizontal_menu_item_mobile": {
                                                    "unit": "px",
                                                    "size": 0,
                                                    "sizes": []
                                                },
                                                "padding_vertical_menu_item": {
                                                    "unit": "px",
                                                    "size": 0,
                                                    "sizes": []
                                                },
                                                "padding_vertical_menu_item_tablet": {
                                                    "unit": "px",
                                                    "size": 0,
                                                    "sizes": []
                                                },
                                                "padding_vertical_menu_item_mobile": {
                                                    "unit": "px",
                                                    "size": 8,
                                                    "sizes": []
                                                },
                                                "_margin": {
                                                    "unit": "px",
                                                    "top": "0",
                                                    "right": "0",
                                                    "bottom": "0",
                                                    "left": "0",
                                                    "isLinked": false
                                                },
                                                "_padding": {
                                                    "unit": "px",
                                                    "top": "0",
                                                    "right": "0",
                                                    "bottom": "0",
                                                    "left": "0",
                                                    "isLinked": false
                                                },
                                                "_animation": "fadeIn",
                                                "_animation_mobile": "fadeIn",
                                                "color_menu_item_active": "#FD4145",
                                                "menu_space_between": {
                                                    "unit": "px",
                                                    "size": 24,
                                                    "sizes": []
                                                },
                                                "menu_space_between_tablet": {
                                                    "unit": "px",
                                                    "size": 10,
                                                    "sizes": []
                                                }
                                            },
                                            "elements": [],
                                            "isInner": false,
                                            "widgetType": "nav-menu",
                                            "elType": "widget"
                                        }
                                    ],
                                    "isInner": true,
                                    "elType": "column"
                                },
                                {
                                    "id": "4cf2fb6c",
                                    "settings": {
                                        "_column_size": 50,
                                        "_inline_size": null,
                                        "space_between_widgets": 0,
                                        "margin": {
                                            "unit": "px",
                                            "top": "0",
                                            "right": "0",
                                            "bottom": "0",
                                            "left": "15",
                                            "isLinked": false
                                        },
                                        "padding": {
                                            "unit": "px",
                                            "top": "0",
                                            "right": "0",
                                            "bottom": "0",
                                            "left": "0",
                                            "isLinked": false
                                        },
                                        "_inline_size_mobile": 50,
                                        "space_between_widgets_mobile": 0,
                                        "margin_mobile": {
                                            "unit": "px",
                                            "top": "0",
                                            "right": "0",
                                            "bottom": "0",
                                            "left": "0",
                                            "isLinked": false
                                        },
                                        "padding_mobile": {
                                            "unit": "px",
                                            "top": "0",
                                            "right": "0",
                                            "bottom": "0",
                                            "left": "0",
                                            "isLinked": false
                                        }
                                    },
                                    "elements": [
                                        {
                                            "id": "f67d6b9",
                                            "settings": {
                                                "layout": "vertical",
                                                "align_items": "left",
                                                "pointer": "none",
                                                "indicator": "none",
                                                "dropdown": "none",
                                                "menu_typography_typography": "custom",
                                                "menu_typography_font_family": "Barlow",
                                                "menu_typography_font_size": {
                                                    "unit": "em",
                                                    "size": 0.944,
                                                    "sizes": []
                                                },
                                                "menu_typography_font_weight": "600",
                                                "menu_typography_text_transform": "capitalize",
                                                "menu_typography_font_style": "normal",
                                                "menu_typography_text_decoration": "none",
                                                "menu_typography_line_height": {
                                                    "unit": "em",
                                                    "size": 1,
                                                    "sizes": []
                                                },
                                                "menu_typography_letter_spacing": {
                                                    "unit": "px",
                                                    "size": 0,
                                                    "sizes": []
                                                },
                                                "color_menu_item": "#FFFFFF",
                                                "color_menu_item_hover": "#FD4145",
                                                "padding_horizontal_menu_item": {
                                                    "unit": "px",
                                                    "size": 0,
                                                    "sizes": []
                                                },
                                                "padding_horizontal_menu_item_tablet": {
                                                    "unit": "px",
                                                    "size": 0,
                                                    "sizes": []
                                                },
                                                "padding_vertical_menu_item": {
                                                    "unit": "px",
                                                    "size": 0,
                                                    "sizes": []
                                                },
                                                "padding_vertical_menu_item_tablet": {
                                                    "unit": "px",
                                                    "size": 0,
                                                    "sizes": []
                                                },
                                                "padding_vertical_menu_item_mobile": {
                                                    "unit": "px",
                                                    "size": 8,
                                                    "sizes": []
                                                },
                                                "_margin": {
                                                    "unit": "px",
                                                    "top": "0",
                                                    "right": "0",
                                                    "bottom": "0",
                                                    "left": "0",
                                                    "isLinked": false
                                                },
                                                "_padding": {
                                                    "unit": "px",
                                                    "top": "0",
                                                    "right": "0",
                                                    "bottom": "0",
                                                    "left": "0",
                                                    "isLinked": false
                                                },
                                                "_animation": "fadeIn",
                                                "_animation_mobile": "fadeIn",
                                                "color_menu_item_active": "#FD4145",
                                                "menu_space_between": {
                                                    "unit": "px",
                                                    "size": 24,
                                                    "sizes": []
                                                },
                                                "menu_space_between_tablet": {
                                                    "unit": "px",
                                                    "size": 10,
                                                    "sizes": []
                                                }
                                            },
                                            "elements": [],
                                            "isInner": false,
                                            "widgetType": "nav-menu",
                                            "elType": "widget"
                                        }
                                    ],
                                    "isInner": true,
                                    "elType": "column"
                                }
                            ],
                            "isInner": true,
                            "elType": "section"
                        }
                    ],
                    "isInner": false,
                    "elType": "column"
                },
                {
                    "id": "285371b5",
                    "settings": {
                        "_column_size": 33,
                        "_inline_size": null,
                        "space_between_widgets": 0,
                        "margin": {
                            "unit": "px",
                            "top": "0",
                            "right": "0",
                            "bottom": "0",
                            "left": "0",
                            "isLinked": false
                        },
                        "padding": {
                            "unit": "px",
                            "top": "15",
                            "right": "3",
                            "bottom": "0",
                            "left": "0",
                            "isLinked": false
                        },
                        "_inline_size_tablet": 25,
                        "_inline_size_mobile": 100,
                        "space_between_widgets_tablet": 0,
                        "space_between_widgets_mobile": 0,
                        "margin_tablet": {
                            "unit": "px",
                            "top": "0",
                            "right": "0",
                            "bottom": "0",
                            "left": "15",
                            "isLinked": false
                        },
                        "margin_mobile": {
                            "unit": "px",
                            "top": "28",
                            "right": "0",
                            "bottom": "0",
                            "left": "0",
                            "isLinked": false
                        },
                        "padding_tablet": {
                            "unit": "px",
                            "top": "0",
                            "right": "0",
                            "bottom": "0",
                            "left": "0",
                            "isLinked": false
                        },
                        "padding_mobile": {
                            "unit": "px",
                            "top": "0",
                            "right": "0",
                            "bottom": "0",
                            "left": "0",
                            "isLinked": false
                        }
                    },
                    "elements": [
                        {
                            "id": "2063d734",
                            "settings": {
                                "social_icon_list": [
                                    {
                                        "social_icon": {
                                            "value": "fab fa-facebook-f",
                                            "library": "fa-brands"
                                        },
                                        "_id": "54bfdd9"
                                    },
                                    {
                                        "social_icon": {
                                            "value": "fab fa-twitter",
                                            "library": "fa-brands"
                                        },
                                        "_id": "7f3202f"
                                    },
                                    {
                                        "social_icon": {
                                            "value": "fab fa-instagram",
                                            "library": "fa-brands"
                                        },
                                        "_id": "5a3f58e"
                                    },
                                    {
                                        "social_icon": {
                                            "value": "fab fa-youtube",
                                            "library": "fa-brands"
                                        },
                                        "link": {
                                            "url": "#",
                                            "is_external": "true",
                                            "nofollow": "",
                                            "custom_attributes": ""
                                        },
                                        "_id": "5f55d42"
                                    }
                                ],
                                "align": "right",
                                "icon_color": "custom",
                                "icon_primary_color": "rgba(255, 255, 255, 0)",
                                "icon_secondary_color": "#FFFFFF",
                                "icon_size": {
                                    "unit": "px",
                                    "size": 14,
                                    "sizes": []
                                },
                                "icon_padding": {
                                    "unit": "em",
                                    "size": 0,
                                    "sizes": []
                                },
                                "icon_spacing": {
                                    "unit": "px",
                                    "size": 40,
                                    "sizes": []
                                },
                                "border_radius": {
                                    "unit": "px",
                                    "top": "0",
                                    "right": "0",
                                    "bottom": "0",
                                    "left": "0",
                                    "isLinked": false
                                },
                                "hover_primary_color": "rgba(255, 255, 255, 0)",
                                "hover_secondary_color": "#FD4145",
                                "_margin": {
                                    "unit": "px",
                                    "top": "0",
                                    "right": "0",
                                    "bottom": "0",
                                    "left": "0",
                                    "isLinked": false
                                },
                                "_padding": {
                                    "unit": "px",
                                    "top": "0",
                                    "right": "0",
                                    "bottom": "0",
                                    "left": "0",
                                    "isLinked": false
                                },
                                "_animation": "fadeIn",
                                "_margin_tablet": {
                                    "unit": "px",
                                    "top": "10",
                                    "right": "0",
                                    "bottom": "0",
                                    "left": "0",
                                    "isLinked": false
                                },
                                "_padding_tablet": {
                                    "unit": "px",
                                    "top": "0",
                                    "right": "0",
                                    "bottom": "0",
                                    "left": "0",
                                    "isLinked": false
                                },
                                "align_mobile": "left",
                                "icon_spacing_mobile": {
                                    "unit": "px",
                                    "size": 20,
                                    "sizes": []
                                },
                                "hover_animation": "shrink",
                                "_margin_mobile": {
                                    "unit": "px",
                                    "top": "0",
                                    "right": "0",
                                    "bottom": "0",
                                    "left": "0",
                                    "isLinked": false
                                },
                                "_padding_mobile": {
                                    "unit": "px",
                                    "top": "0",
                                    "right": "0",
                                    "bottom": "0",
                                    "left": "0",
                                    "isLinked": false
                                },
                                "align_tablet": "right",
                                "icon_spacing_tablet": {
                                    "unit": "px",
                                    "size": 30,
                                    "sizes": []
                                },
                                "_animation_mobile": "fadeIn"
                            },
                            "elements": [],
                            "isInner": false,
                            "widgetType": "social-icons",
                            "elType": "widget"
                        }
                    ],
                    "isInner": false,
                    "elType": "column"
                }
            ],
            "isInner": false,
            "elType": "section"
        }
    ]
}