{
    "version": "0.4",
    "title": "Shop (Pro)",
    "type": "section",
    "metadata": {
        "template_type": "archive-product",
        "include_in_zip": "1",
        "elementor_pro_required": "1",
        "wp_page_template": "elementor_header_footer"
    },
    "content": [
        {
            "id": "4bf10606",
            "settings": {
                "layout": "full_width",
                "height": "min-height",
                "custom_height": {
                    "unit": "px",
                    "size": 615,
                    "sizes": []
                },
                "custom_height_tablet": {
                    "unit": "px",
                    "size": 400,
                    "sizes": []
                },
                "custom_height_mobile": {
                    "unit": "px",
                    "size": 0,
                    "sizes": []
                },
                "column_position": "stretch",
                "stretch_section": "section-stretched",
                "structure": "20",
                "margin": {
                    "unit": "px",
                    "top": "0",
                    "right": 0,
                    "bottom": "0",
                    "left": 0,
                    "isLinked": false
                },
                "padding": {
                    "unit": "px",
                    "top": "0",
                    "right": "0",
                    "bottom": "0",
                    "left": "0",
                    "isLinked": false
                }
            },
            "elements": [
                {
                    "id": "25177c72",
                    "settings": {
                        "_column_size": 50,
                        "_inline_size": 60,
                        "_inline_size_tablet": 60,
                        "_inline_size_mobile": 100,
                        "space_between_widgets": 0,
                        "background_background": "classic",
                        "background_image": {
                            "url": "http:\/\/template-kit.ancorathemes.com\/blog-for-life\/wp-content\/uploads\/sites\/13\/2020\/06\/woman-going-through-some-paperwork-at-home.jpg",
                            "id": 1047
                        },
                        "background_position": "center center",
                        "background_repeat": "no-repeat",
                        "background_size": "cover",
                        "margin": {
                            "unit": "px",
                            "top": "0",
                            "right": "0",
                            "bottom": "0",
                            "left": "0",
                            "isLinked": false
                        },
                        "padding": {
                            "unit": "px",
                            "top": "0",
                            "right": "0",
                            "bottom": "0",
                            "left": "0",
                            "isLinked": false
                        }
                    },
                    "elements": [
                        {
                            "id": "6795e63",
                            "settings": {
                                "space": {
                                    "unit": "px",
                                    "size": 150,
                                    "sizes": []
                                },
                                "space_mobile": {
                                    "unit": "px",
                                    "size": 200,
                                    "sizes": []
                                },
                                "hide_desktop": "hidden-desktop",
                                "hide_tablet": "hidden-tablet"
                            },
                            "elements": [],
                            "isInner": false,
                            "widgetType": "spacer",
                            "elType": "widget"
                        }
                    ],
                    "isInner": false,
                    "elType": "column"
                },
                {
                    "id": "12825c55",
                    "settings": {
                        "_column_size": 50,
                        "_inline_size": 40,
                        "_inline_size_tablet": 40,
                        "_inline_size_mobile": 100,
                        "space_between_widgets": 0,
                        "margin": {
                            "unit": "px",
                            "top": "0",
                            "right": "0",
                            "bottom": "0",
                            "left": "-75",
                            "isLinked": false
                        },
                        "margin_tablet": {
                            "unit": "px",
                            "top": "0",
                            "right": "0",
                            "bottom": "0",
                            "left": "-30",
                            "isLinked": false
                        },
                        "margin_mobile": {
                            "unit": "px",
                            "top": "0",
                            "right": "0",
                            "bottom": "0",
                            "left": "0",
                            "isLinked": false
                        },
                        "padding": {
                            "unit": "px",
                            "top": "0",
                            "right": "0",
                            "bottom": "0",
                            "left": "0",
                            "isLinked": false
                        },
                        "padding_tablet": {
                            "unit": "px",
                            "top": "0",
                            "right": "0",
                            "bottom": "0",
                            "left": "0",
                            "isLinked": false
                        },
                        "padding_mobile": {
                            "unit": "px",
                            "top": "0",
                            "right": "0",
                            "bottom": "0",
                            "left": "0",
                            "isLinked": false
                        }
                    },
                    "elements": [
                        {
                            "id": "6a59c0e9",
                            "settings": {
                                "selected_icon": {
                                    "value": "",
                                    "library": ""
                                },
                                "title_text": "Brand New Design Ideas for Product Development",
                                "description_text": "Difficulty of being good,new realisations",
                                "title_size": "h1",
                                "primary_color": "#F7F8FA",
                                "secondary_color": "#131517",
                                "icon_space": {
                                    "unit": "px",
                                    "size": 28,
                                    "sizes": []
                                },
                                "icon_size": {
                                    "unit": "px",
                                    "size": 14,
                                    "sizes": []
                                },
                                "icon_padding": {
                                    "unit": "px",
                                    "size": 28,
                                    "sizes": []
                                },
                                "text_align": "left",
                                "title_bottom_space": {
                                    "unit": "px",
                                    "size": 26,
                                    "sizes": []
                                },
                                "description_color": "#131517",
                                "description_typography_typography": "custom",
                                "description_typography_font_size": {
                                    "unit": "rem",
                                    "size": 1.125,
                                    "sizes": []
                                },
                                "description_typography_font_weight": "400",
                                "description_typography_text_transform": "none",
                                "description_typography_font_style": "normal",
                                "description_typography_text_decoration": "none",
                                "description_typography_line_height": {
                                    "unit": "em",
                                    "size": 1.65,
                                    "sizes": []
                                },
                                "description_typography_letter_spacing": {
                                    "unit": "px",
                                    "size": 0,
                                    "sizes": []
                                },
                                "_margin": {
                                    "unit": "px",
                                    "top": "0",
                                    "right": "0",
                                    "bottom": "0",
                                    "left": "0",
                                    "isLinked": false
                                },
                                "_padding": {
                                    "unit": "px",
                                    "top": "40",
                                    "right": "75",
                                    "bottom": "180",
                                    "left": "75",
                                    "isLinked": false
                                },
                                "__dynamic__": [],
                                "_animation": "none",
                                "animation_duration": "fast",
                                "_animation_delay": 300,
                                "icon_space_tablet": {
                                    "unit": "px",
                                    "size": 15,
                                    "sizes": []
                                },
                                "icon_size_tablet": {
                                    "unit": "px",
                                    "size": 13,
                                    "sizes": []
                                },
                                "title_bottom_space_tablet": {
                                    "unit": "px",
                                    "size": 10,
                                    "sizes": []
                                },
                                "title_typography_typography": "custom",
                                "title_typography_font_size_tablet": {
                                    "unit": "rem",
                                    "size": 2.4,
                                    "sizes": []
                                },
                                "description_typography_font_size_tablet": {
                                    "unit": "rem",
                                    "size": 1,
                                    "sizes": []
                                },
                                "description_typography_line_height_tablet": {
                                    "unit": "em",
                                    "size": 1.3,
                                    "sizes": []
                                },
                                "_margin_tablet": {
                                    "unit": "px",
                                    "top": "0",
                                    "right": "0",
                                    "bottom": "0",
                                    "left": "0",
                                    "isLinked": false
                                },
                                "_margin_mobile": {
                                    "unit": "px",
                                    "top": "0",
                                    "right": "0",
                                    "bottom": "0",
                                    "left": "0",
                                    "isLinked": false
                                },
                                "_padding_tablet": {
                                    "unit": "px",
                                    "top": "40",
                                    "right": "0",
                                    "bottom": "55",
                                    "left": "30",
                                    "isLinked": false
                                },
                                "_padding_mobile": {
                                    "unit": "px",
                                    "top": "20",
                                    "right": "20",
                                    "bottom": "0",
                                    "left": "20",
                                    "isLinked": false
                                },
                                "title_color": "#131517",
                                "title_typography_text_transform": "none",
                                "_element_width": "initial",
                                "_element_custom_width": {
                                    "unit": "px",
                                    "size": 500,
                                    "sizes": []
                                },
                                "title_typography_font_size_mobile": {
                                    "unit": "rem",
                                    "size": 1.9,
                                    "sizes": []
                                },
                                "description_typography_font_size_mobile": {
                                    "unit": "rem",
                                    "size": "",
                                    "sizes": []
                                },
                                "_background_background": "classic",
                                "_background_color": "#FFFFFF"
                            },
                            "elements": [],
                            "isInner": false,
                            "widgetType": "icon-box",
                            "elType": "widget"
                        }
                    ],
                    "isInner": false,
                    "elType": "column"
                }
            ],
            "isInner": false,
            "elType": "section"
        },
        {
            "id": "144dd6ca",
            "settings": {
                "content_width": {
                    "unit": "px",
                    "size": 1170,
                    "sizes": []
                },
                "margin": {
                    "unit": "px",
                    "top": "0",
                    "right": 0,
                    "bottom": "0",
                    "left": 0,
                    "isLinked": false
                },
                "padding": {
                    "unit": "px",
                    "top": "100",
                    "right": "30",
                    "bottom": "100",
                    "left": "30",
                    "isLinked": false
                },
                "margin_tablet": {
                    "unit": "px",
                    "top": "0",
                    "right": 0,
                    "bottom": "0",
                    "left": 0,
                    "isLinked": false
                },
                "padding_tablet": {
                    "unit": "px",
                    "top": "80",
                    "right": "30",
                    "bottom": "80",
                    "left": "30",
                    "isLinked": false
                },
                "margin_mobile": {
                    "unit": "px",
                    "top": "0",
                    "right": 0,
                    "bottom": "0",
                    "left": 0,
                    "isLinked": false
                },
                "padding_mobile": {
                    "unit": "px",
                    "top": "60",
                    "right": "20",
                    "bottom": "60",
                    "left": "20",
                    "isLinked": false
                }
            },
            "elements": [
                {
                    "id": "1dab202c",
                    "settings": {
                        "_column_size": 100,
                        "_inline_size": null,
                        "space_between_widgets": 0,
                        "margin": {
                            "unit": "px",
                            "top": "0",
                            "right": "0",
                            "bottom": "0",
                            "left": "0",
                            "isLinked": false
                        },
                        "padding": {
                            "unit": "px",
                            "top": "0",
                            "right": "0",
                            "bottom": "0",
                            "left": "0",
                            "isLinked": false
                        }
                    },
                    "elements": [
                        {
                            "id": "7e34c81c",
                            "settings": {
                                "columns": 3,
                                "rows": 2,
                                "query_include": [],
                                "query_include_term_ids": [
                                    "47"
                                ],
                                "query_order": "asc",
                                "column_gap": {
                                    "unit": "px",
                                    "size": 30,
                                    "sizes": []
                                },
                                "row_gap": {
                                    "unit": "px",
                                    "size": 50,
                                    "sizes": []
                                },
                                "align": "center",
                                "image_border_radius": {
                                    "unit": "px",
                                    "top": "0",
                                    "right": "0",
                                    "bottom": "0",
                                    "left": "0",
                                    "isLinked": false
                                },
                                "image_spacing": {
                                    "unit": "px",
                                    "size": 26,
                                    "sizes": []
                                },
                                "title_color": "#131517",
                                "title_typography_typography": "custom",
                                "title_typography_font_size": {
                                    "unit": "rem",
                                    "size": 1.25,
                                    "sizes": []
                                },
                                "title_typography_font_weight": "500",
                                "title_typography_text_transform": "none",
                                "title_typography_font_style": "normal",
                                "title_typography_text_decoration": "none",
                                "title_typography_line_height": {
                                    "unit": "em",
                                    "size": 1,
                                    "sizes": []
                                },
                                "title_typography_letter_spacing": {
                                    "unit": "px",
                                    "size": -0.4,
                                    "sizes": []
                                },
                                "title_spacing": {
                                    "unit": "px",
                                    "size": 0,
                                    "sizes": []
                                },
                                "star_size": {
                                    "unit": "em",
                                    "size": 0,
                                    "sizes": []
                                },
                                "rating_spacing": {
                                    "unit": "px",
                                    "size": 0,
                                    "sizes": []
                                },
                                "price_color": "#FD4145",
                                "price_typography_typography": "custom",
                                "price_typography_font_size": {
                                    "unit": "rem",
                                    "size": 1.125,
                                    "sizes": []
                                },
                                "price_typography_font_weight": "400",
                                "price_typography_text_transform": "none",
                                "price_typography_font_style": "normal",
                                "price_typography_text_decoration": "none",
                                "price_typography_line_height": {
                                    "unit": "em",
                                    "size": 1,
                                    "sizes": []
                                },
                                "price_typography_letter_spacing": {
                                    "unit": "px",
                                    "size": 0,
                                    "sizes": []
                                },
                                "button_text_color": "#FFFFFF",
                                "button_background_color": "#FD4145",
                                "button_typography_typography": "custom",
                                "button_typography_font_size": {
                                    "unit": "rem",
                                    "size": 1,
                                    "sizes": []
                                },
                                "button_typography_font_weight": "500",
                                "button_typography_text_transform": "uppercase",
                                "button_typography_font_style": "normal",
                                "button_typography_text_decoration": "none",
                                "button_typography_line_height": {
                                    "unit": "em",
                                    "size": 1,
                                    "sizes": []
                                },
                                "button_typography_letter_spacing": {
                                    "unit": "px",
                                    "size": 1.6,
                                    "sizes": []
                                },
                                "button_hover_color": "#FFFFFF",
                                "button_hover_background_color": "#131517",
                                "button_border_radius": {
                                    "unit": "px",
                                    "top": "0",
                                    "right": "0",
                                    "bottom": "0",
                                    "left": "0",
                                    "isLinked": false
                                },
                                "button_spacing": {
                                    "unit": "px",
                                    "size": 19,
                                    "sizes": []
                                },
                                "view_cart_color": "#131517",
                                "view_cart_typography_typography": "custom",
                                "view_cart_typography_font_size": {
                                    "unit": "rem",
                                    "size": 1,
                                    "sizes": []
                                },
                                "view_cart_typography_font_weight": "400",
                                "view_cart_typography_text_transform": "none",
                                "view_cart_typography_font_style": "normal",
                                "view_cart_typography_text_decoration": "none",
                                "view_cart_typography_line_height": {
                                    "unit": "em",
                                    "size": 1,
                                    "sizes": []
                                },
                                "view_cart_typography_letter_spacing": {
                                    "unit": "px",
                                    "size": 0,
                                    "sizes": []
                                },
                                "star_color": "#FD4145",
                                "empty_star_color": "#717578",
                                "button_text_padding": {
                                    "unit": "em",
                                    "top": "1.5",
                                    "right": "2",
                                    "bottom": "1.5",
                                    "left": "2",
                                    "isLinked": false
                                },
                                "columns_mobile": 1,
                                "column_gap_tablet": {
                                    "unit": "px",
                                    "size": 30,
                                    "sizes": []
                                },
                                "row_gap_tablet": {
                                    "unit": "px",
                                    "size": 30,
                                    "sizes": []
                                },
                                "row_gap_mobile": {
                                    "unit": "px",
                                    "size": 30,
                                    "sizes": []
                                },
                                "image_spacing_tablet": {
                                    "unit": "px",
                                    "size": 13,
                                    "sizes": []
                                },
                                "image_spacing_mobile": {
                                    "unit": "px",
                                    "size": 8,
                                    "sizes": []
                                },
                                "button_typography_font_size_tablet": {
                                    "unit": "rem",
                                    "size": 0.9,
                                    "sizes": []
                                },
                                "button_typography_font_size_mobile": {
                                    "unit": "rem",
                                    "size": 0.8,
                                    "sizes": []
                                },
                                "button_spacing_tablet": {
                                    "unit": "px",
                                    "size": 14,
                                    "sizes": []
                                },
                                "button_spacing_mobile": {
                                    "unit": "px",
                                    "size": 9,
                                    "sizes": []
                                },
                                "_margin": {
                                    "unit": "px",
                                    "top": "0",
                                    "right": "0",
                                    "bottom": "0",
                                    "left": "0",
                                    "isLinked": false
                                },
                                "_padding": {
                                    "unit": "px",
                                    "top": "0",
                                    "right": "0",
                                    "bottom": "0",
                                    "left": "0",
                                    "isLinked": false
                                },
                                "_animation": "fadeInUp",
                                "animation_duration": "fast",
                                "old_price_color": "#717578",
                                "old_price_typography_typography": "custom",
                                "show_onsale_flash": "",
                                "onsale_text_color": "#FFFFFF",
                                "onsale_text_background_color": "#FD4145",
                                "onsale_typography_typography": "custom",
                                "onsale_typography_line_height": {
                                    "unit": "em",
                                    "size": 4,
                                    "sizes": []
                                },
                                "onsale_border_radius": {
                                    "unit": "em",
                                    "size": "",
                                    "sizes": []
                                },
                                "onsale_width": {
                                    "unit": "em",
                                    "size": 4,
                                    "sizes": []
                                },
                                "onsale_horizontal_position": "right",
                                "onsale_distance": {
                                    "unit": "px",
                                    "size": 10,
                                    "sizes": []
                                },
                                "pagination_spacing": {
                                    "unit": "px",
                                    "size": 30,
                                    "sizes": []
                                },
                                "show_pagination_border": "",
                                "pagination_padding": {
                                    "unit": "px",
                                    "size": 20,
                                    "sizes": []
                                },
                                "pagination_link_color": "#131517",
                                "pagination_link_color_hover": "#FFFFFF",
                                "pagination_link_bg_color_hover": "#FD4145",
                                "pagination_link_color_active": "#FFFFFF",
                                "pagination_link_bg_color_active": "#131517"
                            },
                            "elements": [],
                            "isInner": false,
                            "widgetType": "woocommerce-products",
                            "elType": "widget"
                        }
                    ],
                    "isInner": false,
                    "elType": "column"
                }
            ],
            "isInner": false,
            "elType": "section"
        },
        {
            "id": "274c7278",
            "settings": {
                "layout": "full_width",
                "height": "min-height",
                "custom_height": {
                    "unit": "px",
                    "size": 580,
                    "sizes": []
                },
                "custom_height_tablet": {
                    "unit": "px",
                    "size": 400,
                    "sizes": []
                },
                "custom_height_mobile": {
                    "unit": "px",
                    "size": 0,
                    "sizes": []
                },
                "column_position": "stretch",
                "stretch_section": "section-stretched",
                "structure": "20",
                "background_background": "classic",
                "background_color": "#FFFFFF",
                "margin": {
                    "unit": "px",
                    "top": "0",
                    "right": 0,
                    "bottom": "0",
                    "left": 0,
                    "isLinked": false
                },
                "padding": {
                    "unit": "px",
                    "top": "0",
                    "right": "0",
                    "bottom": "0",
                    "left": "0",
                    "isLinked": false
                }
            },
            "elements": [
                {
                    "id": "29d6c057",
                    "settings": {
                        "_column_size": 50,
                        "_inline_size": 42,
                        "content_position": "bottom",
                        "align": "flex-end",
                        "space_between_widgets": 0,
                        "margin": {
                            "unit": "px",
                            "top": "0",
                            "right": "0",
                            "bottom": "0",
                            "left": "0",
                            "isLinked": false
                        },
                        "padding": {
                            "unit": "px",
                            "top": "0",
                            "right": "0",
                            "bottom": "0",
                            "left": "0",
                            "isLinked": false
                        },
                        "margin_mobile": {
                            "unit": "px",
                            "top": "0",
                            "right": "0",
                            "bottom": "0",
                            "left": "0",
                            "isLinked": false
                        },
                        "padding_mobile": {
                            "unit": "px",
                            "top": "0",
                            "right": "20",
                            "bottom": "30",
                            "left": "20",
                            "isLinked": false
                        },
                        "z_index": 2,
                        "animation": "fadeInLeft",
                        "animation_tablet": "fadeIn",
                        "animation_duration": "fast",
                        "space_between_widgets_tablet": 0,
                        "margin_tablet": {
                            "unit": "px",
                            "top": "0",
                            "right": "0",
                            "bottom": "0",
                            "left": "0",
                            "isLinked": false
                        },
                        "padding_tablet": {
                            "unit": "px",
                            "top": "0",
                            "right": "0",
                            "bottom": "0",
                            "left": "0",
                            "isLinked": false
                        }
                    },
                    "elements": [
                        {
                            "id": "255f36e2",
                            "settings": {
                                "selected_icon": {
                                    "value": "",
                                    "library": ""
                                },
                                "title_text": "Creative Designs Brand Identity and  Packaging",
                                "description_text": "Nam ut rutrum ex, venenatis sollicitudin urna. Aliquam erat volutpat.",
                                "title_size": "h2",
                                "primary_color": "#F7F8FA",
                                "secondary_color": "#131517",
                                "icon_space": {
                                    "unit": "px",
                                    "size": 28,
                                    "sizes": []
                                },
                                "icon_size": {
                                    "unit": "px",
                                    "size": 14,
                                    "sizes": []
                                },
                                "icon_padding": {
                                    "unit": "px",
                                    "size": 28,
                                    "sizes": []
                                },
                                "text_align": "left",
                                "title_bottom_space": {
                                    "unit": "px",
                                    "size": 26,
                                    "sizes": []
                                },
                                "description_color": "#717578",
                                "description_typography_typography": "custom",
                                "description_typography_font_size": {
                                    "unit": "rem",
                                    "size": 1.063,
                                    "sizes": []
                                },
                                "description_typography_font_weight": "400",
                                "description_typography_text_transform": "none",
                                "description_typography_font_style": "normal",
                                "description_typography_text_decoration": "none",
                                "description_typography_line_height": {
                                    "unit": "em",
                                    "size": 1.647,
                                    "sizes": []
                                },
                                "description_typography_letter_spacing": {
                                    "unit": "px",
                                    "size": 0,
                                    "sizes": []
                                },
                                "_margin": {
                                    "unit": "px",
                                    "top": "0",
                                    "right": "-75",
                                    "bottom": "0",
                                    "left": "0",
                                    "isLinked": false
                                },
                                "_padding": {
                                    "unit": "px",
                                    "top": "57",
                                    "right": "75",
                                    "bottom": "0",
                                    "left": "160",
                                    "isLinked": false
                                },
                                "__dynamic__": [],
                                "_animation": "none",
                                "animation_duration": "fast",
                                "_animation_delay": 300,
                                "icon_space_tablet": {
                                    "unit": "px",
                                    "size": 15,
                                    "sizes": []
                                },
                                "icon_size_tablet": {
                                    "unit": "px",
                                    "size": 13,
                                    "sizes": []
                                },
                                "title_bottom_space_tablet": {
                                    "unit": "px",
                                    "size": 10,
                                    "sizes": []
                                },
                                "title_typography_typography": "custom",
                                "title_typography_font_size_tablet": {
                                    "unit": "rem",
                                    "size": 2.2,
                                    "sizes": []
                                },
                                "description_typography_font_size_tablet": {
                                    "unit": "rem",
                                    "size": 1,
                                    "sizes": []
                                },
                                "description_typography_line_height_tablet": {
                                    "unit": "em",
                                    "size": 1.3,
                                    "sizes": []
                                },
                                "_margin_tablet": {
                                    "unit": "px",
                                    "top": "0",
                                    "right": "-30",
                                    "bottom": "0",
                                    "left": "0",
                                    "isLinked": false
                                },
                                "_margin_mobile": {
                                    "unit": "px",
                                    "top": "0",
                                    "right": "0",
                                    "bottom": "0",
                                    "left": "0",
                                    "isLinked": false
                                },
                                "_padding_tablet": {
                                    "unit": "px",
                                    "top": "40",
                                    "right": "30",
                                    "bottom": "0",
                                    "left": "30",
                                    "isLinked": false
                                },
                                "_padding_mobile": {
                                    "unit": "px",
                                    "top": "0",
                                    "right": "0",
                                    "bottom": "0",
                                    "left": "0",
                                    "isLinked": true
                                },
                                "hover_primary_color": "#152035",
                                "hover_secondary_color": "#FFFFFF",
                                "title_typography_font_size_mobile": {
                                    "unit": "rem",
                                    "size": 1.8,
                                    "sizes": []
                                },
                                "_animation_tablet": "fadeIn",
                                "_background_background": "classic",
                                "_background_color": "#FFFFFF",
                                "_element_width": "initial",
                                "_element_width_mobile": "inherit",
                                "_element_custom_width": {
                                    "unit": "px",
                                    "size": 525,
                                    "sizes": []
                                }
                            },
                            "elements": [],
                            "isInner": false,
                            "widgetType": "icon-box",
                            "elType": "widget"
                        },
                        {
                            "id": "5c23cf8e",
                            "settings": {
                                "text": "More Info",
                                "align_mobile": "justify",
                                "button_text_color": "#FFFFFF",
                                "hover_color": "#FFFFFF",
                                "text_padding": {
                                    "unit": "px",
                                    "top": "26",
                                    "right": "60",
                                    "bottom": "26",
                                    "left": "60",
                                    "isLinked": false
                                },
                                "text_padding_mobile": {
                                    "unit": "px",
                                    "top": "20",
                                    "right": "40",
                                    "bottom": "20",
                                    "left": "40",
                                    "isLinked": false
                                },
                                "_margin": {
                                    "unit": "px",
                                    "top": "0",
                                    "right": "-75",
                                    "bottom": "0",
                                    "left": "0",
                                    "isLinked": false
                                },
                                "_margin_mobile": {
                                    "unit": "px",
                                    "top": "0",
                                    "right": "0",
                                    "bottom": "0",
                                    "left": "0",
                                    "isLinked": false
                                },
                                "_padding": {
                                    "unit": "px",
                                    "top": "44",
                                    "right": "75",
                                    "bottom": "70",
                                    "left": "260",
                                    "isLinked": false
                                },
                                "_padding_mobile": {
                                    "unit": "px",
                                    "top": "22",
                                    "right": "0",
                                    "bottom": "0",
                                    "left": "0",
                                    "isLinked": false
                                },
                                "_animation": "none",
                                "animation_duration": "fast",
                                "_animation_delay": 200,
                                "_margin_tablet": {
                                    "unit": "px",
                                    "top": "0",
                                    "right": "-30",
                                    "bottom": "0",
                                    "left": "0",
                                    "isLinked": false
                                },
                                "_animation_tablet": "fadeIn",
                                "typography_typography": "custom",
                                "typography_font_size_tablet": {
                                    "unit": "rem",
                                    "size": 0.9,
                                    "sizes": []
                                },
                                "text_padding_tablet": {
                                    "unit": "px",
                                    "top": "20",
                                    "right": "30",
                                    "bottom": "20",
                                    "left": "30",
                                    "isLinked": false
                                },
                                "background_color": "#131517",
                                "button_background_hover_color": "#FD4145",
                                "typography_font_size_mobile": {
                                    "unit": "rem",
                                    "size": 0.8,
                                    "sizes": []
                                },
                                "align": "left",
                                "_padding_tablet": {
                                    "unit": "px",
                                    "top": "27",
                                    "right": "30",
                                    "bottom": "40",
                                    "left": "30",
                                    "isLinked": false
                                },
                                "_background_background": "classic",
                                "_background_color": "#FFFFFF",
                                "_element_width": "initial",
                                "_element_width_mobile": "inherit",
                                "_element_custom_width": {
                                    "unit": "px",
                                    "size": 625,
                                    "sizes": []
                                }
                            },
                            "elements": [],
                            "isInner": false,
                            "widgetType": "button",
                            "elType": "widget"
                        }
                    ],
                    "isInner": false,
                    "elType": "column"
                },
                {
                    "id": "65963ea",
                    "settings": {
                        "_column_size": 50,
                        "_inline_size": 58,
                        "space_between_widgets": 0,
                        "background_background": "classic",
                        "background_image": {
                            "url": "http:\/\/template-kit.ancorathemes.com\/blog-for-life\/wp-content\/uploads\/sites\/13\/2020\/06\/laurice-manaligod-i7uV0Q8tJ48-unsplash-1-scaled-e1592241323351.jpg",
                            "id": 944
                        },
                        "background_position": "center center",
                        "background_repeat": "no-repeat",
                        "background_size": "cover",
                        "margin": {
                            "unit": "px",
                            "top": "0",
                            "right": "0",
                            "bottom": "0",
                            "left": "0",
                            "isLinked": false
                        },
                        "margin_mobile": {
                            "unit": "px",
                            "top": "0",
                            "right": "0",
                            "bottom": "0",
                            "left": "0",
                            "isLinked": false
                        },
                        "padding": {
                            "unit": "px",
                            "top": "0",
                            "right": "0",
                            "bottom": "0",
                            "left": "0",
                            "isLinked": false
                        },
                        "padding_mobile": {
                            "unit": "px",
                            "top": "0",
                            "right": "0",
                            "bottom": "0",
                            "left": "0",
                            "isLinked": false
                        },
                        "animation": "fadeInRight",
                        "animation_tablet": "fadeIn",
                        "animation_duration": "fast",
                        "animation_delay": 200
                    },
                    "elements": [
                        {
                            "id": "429352a9",
                            "settings": {
                                "space": {
                                    "unit": "px",
                                    "size": 150,
                                    "sizes": []
                                },
                                "hide_desktop": "hidden-desktop",
                                "hide_tablet": "hidden-tablet"
                            },
                            "elements": [],
                            "isInner": false,
                            "widgetType": "spacer",
                            "elType": "widget"
                        }
                    ],
                    "isInner": false,
                    "elType": "column"
                }
            ],
            "isInner": false,
            "elType": "section"
        },
        {
            "id": "6b77549d",
            "settings": {
                "content_width": {
                    "unit": "px",
                    "size": 1170,
                    "sizes": []
                },
                "background_background": "classic",
                "background_color": "#F7F8FA",
                "text_align": "center",
                "margin": {
                    "unit": "px",
                    "top": "0",
                    "right": 0,
                    "bottom": "0",
                    "left": 0,
                    "isLinked": false
                },
                "margin_tablet": {
                    "unit": "px",
                    "top": "0",
                    "right": 0,
                    "bottom": "0",
                    "left": 0,
                    "isLinked": false
                },
                "padding": {
                    "unit": "px",
                    "top": "194",
                    "right": "30",
                    "bottom": "100",
                    "left": "30",
                    "isLinked": false
                },
                "padding_tablet": {
                    "unit": "px",
                    "top": "156",
                    "right": "30",
                    "bottom": "80",
                    "left": "30",
                    "isLinked": false
                },
                "margin_mobile": {
                    "unit": "px",
                    "top": "0",
                    "right": 0,
                    "bottom": "0",
                    "left": 0,
                    "isLinked": false
                },
                "padding_mobile": {
                    "unit": "px",
                    "top": "57",
                    "right": "20",
                    "bottom": "60",
                    "left": "20",
                    "isLinked": false
                }
            },
            "elements": [
                {
                    "id": "5b3f316d",
                    "settings": {
                        "_column_size": 100,
                        "_inline_size": null,
                        "space_between_widgets": 0,
                        "margin": {
                            "unit": "px",
                            "top": "0",
                            "right": "0",
                            "bottom": "0",
                            "left": "0",
                            "isLinked": false
                        },
                        "padding": {
                            "unit": "px",
                            "top": "0",
                            "right": "0",
                            "bottom": "0",
                            "left": "0",
                            "isLinked": false
                        }
                    },
                    "elements": [
                        {
                            "id": "3224a76a",
                            "settings": {
                                "title": "Popular Products",
                                "_margin": {
                                    "unit": "px",
                                    "top": "0",
                                    "right": "0",
                                    "bottom": "0",
                                    "left": "0",
                                    "isLinked": false
                                },
                                "_padding": {
                                    "unit": "px",
                                    "top": "0",
                                    "right": "0",
                                    "bottom": "0",
                                    "left": "0",
                                    "isLinked": false
                                },
                                "_animation": "fadeInUp",
                                "animation_duration": "fast"
                            },
                            "elements": [],
                            "isInner": false,
                            "widgetType": "heading",
                            "elType": "widget"
                        },
                        {
                            "id": "1a860f83",
                            "settings": {
                                "title": "Ut bibendum lacus vestibulum maximus suscipit.",
                                "header_size": "h6",
                                "typography_typography": "custom",
                                "typography_font_size": {
                                    "unit": "rem",
                                    "size": 1.125,
                                    "sizes": []
                                },
                                "typography_font_size_tablet": {
                                    "unit": "rem",
                                    "size": 1.063,
                                    "sizes": []
                                },
                                "typography_font_weight": "400",
                                "typography_text_transform": "none",
                                "typography_font_style": "normal",
                                "typography_text_decoration": "none",
                                "typography_line_height": {
                                    "unit": "em",
                                    "size": 1,
                                    "sizes": []
                                },
                                "typography_letter_spacing": {
                                    "unit": "px",
                                    "size": 0,
                                    "sizes": []
                                },
                                "_margin": {
                                    "unit": "px",
                                    "top": "24",
                                    "right": "0",
                                    "bottom": "0",
                                    "left": "0",
                                    "isLinked": false
                                },
                                "_padding": {
                                    "unit": "px",
                                    "top": "0",
                                    "right": "0",
                                    "bottom": "0",
                                    "left": "0",
                                    "isLinked": false
                                },
                                "typography_font_size_mobile": {
                                    "unit": "rem",
                                    "size": "",
                                    "sizes": []
                                },
                                "typography_line_height_mobile": {
                                    "unit": "em",
                                    "size": 1.2,
                                    "sizes": []
                                },
                                "_margin_tablet": {
                                    "unit": "px",
                                    "top": "12",
                                    "right": "0",
                                    "bottom": "0",
                                    "left": "0",
                                    "isLinked": false
                                },
                                "_margin_mobile": {
                                    "unit": "px",
                                    "top": "10",
                                    "right": "0",
                                    "bottom": "0",
                                    "left": "0",
                                    "isLinked": false
                                },
                                "_padding_tablet": {
                                    "unit": "px",
                                    "top": "0",
                                    "right": "0",
                                    "bottom": "0",
                                    "left": "0",
                                    "isLinked": false
                                },
                                "_padding_mobile": {
                                    "unit": "px",
                                    "top": "0",
                                    "right": "0",
                                    "bottom": "0",
                                    "left": "0",
                                    "isLinked": false
                                },
                                "_animation": "fadeInUp",
                                "animation_duration": "fast",
                                "_animation_delay": 200
                            },
                            "elements": [],
                            "isInner": false,
                            "widgetType": "heading",
                            "elType": "widget"
                        },
                        {
                            "id": "4a1b0a7f",
                            "settings": {
                                "query_include": [],
                                "query_include_term_ids": [
                                    "48"
                                ],
                                "query_order": "asc",
                                "column_gap": {
                                    "unit": "px",
                                    "size": 30,
                                    "sizes": []
                                },
                                "row_gap": {
                                    "unit": "px",
                                    "size": 50,
                                    "sizes": []
                                },
                                "align": "center",
                                "image_border_radius": {
                                    "unit": "px",
                                    "top": "0",
                                    "right": "0",
                                    "bottom": "0",
                                    "left": "0",
                                    "isLinked": false
                                },
                                "image_spacing": {
                                    "unit": "px",
                                    "size": 26,
                                    "sizes": []
                                },
                                "title_color": "#131517",
                                "title_typography_typography": "custom",
                                "title_typography_font_size": {
                                    "unit": "rem",
                                    "size": 1.25,
                                    "sizes": []
                                },
                                "title_typography_font_weight": "500",
                                "title_typography_text_transform": "none",
                                "title_typography_font_style": "normal",
                                "title_typography_text_decoration": "none",
                                "title_typography_line_height": {
                                    "unit": "em",
                                    "size": 1,
                                    "sizes": []
                                },
                                "title_typography_letter_spacing": {
                                    "unit": "px",
                                    "size": -0.4,
                                    "sizes": []
                                },
                                "title_spacing": {
                                    "unit": "px",
                                    "size": 0,
                                    "sizes": []
                                },
                                "star_color": "#FD4145",
                                "empty_star_color": "#717578",
                                "star_size": {
                                    "unit": "em",
                                    "size": 0,
                                    "sizes": []
                                },
                                "rating_spacing": {
                                    "unit": "px",
                                    "size": 0,
                                    "sizes": []
                                },
                                "price_color": "#FD4145",
                                "price_typography_typography": "custom",
                                "price_typography_font_size": {
                                    "unit": "rem",
                                    "size": 1.125,
                                    "sizes": []
                                },
                                "price_typography_font_weight": "400",
                                "price_typography_text_transform": "none",
                                "price_typography_font_style": "normal",
                                "price_typography_text_decoration": "none",
                                "price_typography_line_height": {
                                    "unit": "em",
                                    "size": 1,
                                    "sizes": []
                                },
                                "price_typography_letter_spacing": {
                                    "unit": "px",
                                    "size": 0,
                                    "sizes": []
                                },
                                "button_text_color": "#FFFFFF",
                                "button_background_color": "#FD4145",
                                "button_typography_typography": "custom",
                                "button_typography_font_size": {
                                    "unit": "rem",
                                    "size": 1,
                                    "sizes": []
                                },
                                "button_typography_font_weight": "500",
                                "button_typography_text_transform": "uppercase",
                                "button_typography_font_style": "normal",
                                "button_typography_text_decoration": "none",
                                "button_typography_line_height": {
                                    "unit": "em",
                                    "size": 1,
                                    "sizes": []
                                },
                                "button_typography_letter_spacing": {
                                    "unit": "px",
                                    "size": 1.6,
                                    "sizes": []
                                },
                                "button_hover_color": "#FFFFFF",
                                "button_hover_background_color": "#131517",
                                "button_border_radius": {
                                    "unit": "px",
                                    "top": "0",
                                    "right": "0",
                                    "bottom": "0",
                                    "left": "0",
                                    "isLinked": false
                                },
                                "button_text_padding": {
                                    "unit": "em",
                                    "top": "1.5",
                                    "right": "2",
                                    "bottom": "1.5",
                                    "left": "2",
                                    "isLinked": false
                                },
                                "button_spacing": {
                                    "unit": "px",
                                    "size": 19,
                                    "sizes": []
                                },
                                "view_cart_color": "#131517",
                                "view_cart_typography_typography": "custom",
                                "view_cart_typography_font_size": {
                                    "unit": "rem",
                                    "size": 1,
                                    "sizes": []
                                },
                                "view_cart_typography_font_weight": "400",
                                "view_cart_typography_text_transform": "none",
                                "view_cart_typography_font_style": "normal",
                                "view_cart_typography_text_decoration": "none",
                                "view_cart_typography_line_height": {
                                    "unit": "em",
                                    "size": 1,
                                    "sizes": []
                                },
                                "view_cart_typography_letter_spacing": {
                                    "unit": "px",
                                    "size": 0,
                                    "sizes": []
                                },
                                "box_border_width": {
                                    "unit": "px",
                                    "top": "0",
                                    "right": "0",
                                    "bottom": "0",
                                    "left": "0",
                                    "isLinked": false
                                },
                                "box_padding": {
                                    "unit": "px",
                                    "top": "0",
                                    "right": "0",
                                    "bottom": "50",
                                    "left": "0",
                                    "isLinked": false
                                },
                                "box_bg_color": "#FFFFFF",
                                "_margin": {
                                    "unit": "px",
                                    "top": "46",
                                    "right": "0",
                                    "bottom": "0",
                                    "left": "0",
                                    "isLinked": false
                                },
                                "_padding": {
                                    "unit": "px",
                                    "top": "0",
                                    "right": "0",
                                    "bottom": "0",
                                    "left": "0",
                                    "isLinked": false
                                },
                                "columns_tablet": 2,
                                "columns_mobile": 1,
                                "column_gap_tablet": {
                                    "unit": "px",
                                    "size": 30,
                                    "sizes": []
                                },
                                "column_gap_mobile": {
                                    "unit": "px",
                                    "size": 0,
                                    "sizes": []
                                },
                                "row_gap_tablet": {
                                    "unit": "px",
                                    "size": 30,
                                    "sizes": []
                                },
                                "row_gap_mobile": {
                                    "unit": "px",
                                    "size": 30,
                                    "sizes": []
                                },
                                "image_spacing_tablet": {
                                    "unit": "px",
                                    "size": 13,
                                    "sizes": []
                                },
                                "image_spacing_mobile": {
                                    "unit": "px",
                                    "size": 8,
                                    "sizes": []
                                },
                                "button_typography_font_size_tablet": {
                                    "unit": "rem",
                                    "size": 0.9,
                                    "sizes": []
                                },
                                "button_typography_font_size_mobile": {
                                    "unit": "rem",
                                    "size": 0.8,
                                    "sizes": []
                                },
                                "button_spacing_tablet": {
                                    "unit": "px",
                                    "size": 14,
                                    "sizes": []
                                },
                                "button_spacing_mobile": {
                                    "unit": "px",
                                    "size": 9,
                                    "sizes": []
                                },
                                "box_padding_tablet": {
                                    "unit": "px",
                                    "top": "0",
                                    "right": "0",
                                    "bottom": "30",
                                    "left": "0",
                                    "isLinked": false
                                },
                                "box_padding_mobile": {
                                    "unit": "px",
                                    "top": "0",
                                    "right": "0",
                                    "bottom": "25",
                                    "left": "0",
                                    "isLinked": false
                                },
                                "_margin_tablet": {
                                    "unit": "px",
                                    "top": "38",
                                    "right": "0",
                                    "bottom": "0",
                                    "left": "0",
                                    "isLinked": false
                                },
                                "_padding_tablet": {
                                    "unit": "px",
                                    "top": "0",
                                    "right": "0",
                                    "bottom": "0",
                                    "left": "0",
                                    "isLinked": false
                                },
                                "_animation": "fadeInUp",
                                "animation_duration": "fast",
                                "_animation_delay": 400,
                                "rows": 1,
                                "old_price_color": "#717578",
                                "show_onsale_flash": "",
                                "onsale_text_color": "#FFFFFF",
                                "onsale_text_background_color": "#FD4145",
                                "onsale_width": {
                                    "unit": "em",
                                    "size": 4,
                                    "sizes": []
                                },
                                "onsale_distance": {
                                    "unit": "px",
                                    "size": 10,
                                    "sizes": []
                                },
                                "pagination_spacing": {
                                    "unit": "px",
                                    "size": 30,
                                    "sizes": []
                                },
                                "show_pagination_border": "",
                                "pagination_padding": {
                                    "unit": "px",
                                    "size": 20,
                                    "sizes": []
                                },
                                "pagination_typography_typography": "custom",
                                "pagination_typography_font_size": {
                                    "unit": "rem",
                                    "size": 1,
                                    "sizes": []
                                },
                                "pagination_typography_font_weight": "400",
                                "pagination_typography_text_transform": "none",
                                "pagination_typography_font_style": "normal",
                                "pagination_typography_text_decoration": "none",
                                "pagination_typography_line_height": {
                                    "unit": "em",
                                    "size": 1,
                                    "sizes": []
                                },
                                "pagination_typography_letter_spacing": {
                                    "unit": "px",
                                    "size": 0,
                                    "sizes": []
                                },
                                "pagination_link_color": "#131517",
                                "pagination_link_bg_color": "#00220000",
                                "pagination_link_color_hover": "#FFFFFF",
                                "pagination_link_bg_color_hover": "#FD4145",
                                "pagination_link_color_active": "#FFFFFF",
                                "pagination_link_bg_color_active": "#131517",
                                "onsale_height": {
                                    "unit": "em",
                                    "size": 4,
                                    "sizes": []
                                },
                                "__globals__": {
                                    "pagination_link_bg_color": ""
                                }
                            },
                            "elements": [],
                            "isInner": false,
                            "widgetType": "woocommerce-products",
                            "elType": "widget"
                        }
                    ],
                    "isInner": false,
                    "elType": "column"
                }
            ],
            "isInner": false,
            "elType": "section"
        }
    ]
}