{
    "version": "0.4",
    "title": "Carrers",
    "type": "page",
    "metadata": {
        "template_type": "single-page",
        "include_in_zip": "1",
        "elementor_pro_required": "1",
        "wp_page_template": "elementor_header_footer"
    },
    "content": [
        {
            "id": "608fe80d",
            "settings": {
                "content_width": {
                    "unit": "px",
                    "size": 1400,
                    "sizes": []
                },
                "height": "min-height",
                "custom_height": {
                    "unit": "px",
                    "size": 300,
                    "sizes": []
                },
                "padding": {
                    "unit": "px",
                    "top": "0",
                    "right": "80",
                    "bottom": "0",
                    "left": "80",
                    "isLinked": false
                },
                "background_background": "gradient",
                "background_overlay_background": "classic",
                "background_overlay_image": {
                    "url": "https:\/\/bimberonline.com\/adopt\/wp-content\/uploads\/sites\/73\/2020\/06\/image-section-29-min.png",
                    "id": 207
                },
                "background_overlay_position": "center center",
                "background_overlay_repeat": "no-repeat",
                "background_overlay_size": "cover",
                "shape_divider_bottom": "waves",
                "shape_divider_bottom_height": {
                    "unit": "px",
                    "size": 30,
                    "sizes": []
                },
                "shape_divider_bottom_negative": "yes",
                "animation": "none",
                "__globals__": {
                    "background_color": "globals\/colors?id=8803734",
                    "background_color_b": "globals\/colors?id=0657b85"
                },
                "padding_mobile": {
                    "unit": "px",
                    "top": "0",
                    "right": "20",
                    "bottom": "0",
                    "left": "20",
                    "isLinked": false
                }
            },
            "elements": [
                {
                    "id": "41497b42",
                    "settings": {
                        "_column_size": 100,
                        "_inline_size": null
                    },
                    "elements": [
                        {
                            "id": "7085149f",
                            "settings": {
                                "image": {
                                    "url": "https:\/\/bimberonline.com\/adopt\/wp-content\/uploads\/sites\/73\/2020\/06\/image-section-08-min.png",
                                    "id": 113
                                },
                                "_element_width": "initial",
                                "_element_custom_width": {
                                    "unit": "px",
                                    "size": 280,
                                    "sizes": []
                                },
                                "_position": "absolute",
                                "_offset_x": {
                                    "size": 4,
                                    "unit": "px"
                                },
                                "_offset_y": {
                                    "size": 103,
                                    "unit": "px"
                                },
                                "_offset_x_mobile": {
                                    "size": 2,
                                    "unit": "px"
                                },
                                "_offset_y_mobile": {
                                    "size": 102,
                                    "unit": "px"
                                },
                                "_animation": "fadeInUp",
                                "animation_duration": "fast"
                            },
                            "elements": [],
                            "isInner": false,
                            "widgetType": "image",
                            "elType": "widget"
                        },
                        {
                            "id": "ac5747d",
                            "settings": {
                                "title": "Carrers",
                                "typography_typography": "custom",
                                "header_size": "h1",
                                "align": "center",
                                "title_color": "#FFFFFF",
                                "_z_index_mobile": 5,
                                "_animation": "fadeInUp"
                            },
                            "elements": [],
                            "isInner": false,
                            "widgetType": "heading",
                            "elType": "widget"
                        },
                        {
                            "id": "6e4f342b",
                            "settings": {
                                "image": {
                                    "url": "https:\/\/bimberonline.com\/adopt\/wp-content\/uploads\/sites\/73\/2020\/06\/image-section-06-min.png",
                                    "id": 111
                                },
                                "_element_width": "initial",
                                "_element_custom_width": {
                                    "unit": "px",
                                    "size": 140,
                                    "sizes": []
                                },
                                "_position": "absolute",
                                "_offset_orientation_h": "end",
                                "_animation": "rotateInDownLeft"
                            },
                            "elements": [],
                            "isInner": false,
                            "widgetType": "image",
                            "elType": "widget"
                        },
                        {
                            "id": "16954805",
                            "settings": {
                                "image": {
                                    "url": "https:\/\/bimberonline.com\/adopt\/wp-content\/uploads\/sites\/73\/2020\/06\/image-section-07-min.png",
                                    "id": 112
                                },
                                "_element_width": "initial",
                                "_element_custom_width": {
                                    "unit": "px",
                                    "size": 100,
                                    "sizes": []
                                },
                                "_position": "absolute",
                                "_offset_orientation_h": "end",
                                "_offset_x_end": {
                                    "size": 166.6,
                                    "unit": "px"
                                },
                                "_offset_y": {
                                    "size": -74,
                                    "unit": "px"
                                },
                                "_animation": "zoomInUp",
                                "animation_duration": "slow"
                            },
                            "elements": [],
                            "isInner": false,
                            "widgetType": "image",
                            "elType": "widget"
                        }
                    ],
                    "isInner": false,
                    "elType": "column"
                }
            ],
            "isInner": false,
            "elType": "section"
        },
        {
            "id": "3d0d7ba0",
            "settings": {
                "layout": "full_width",
                "custom_height": {
                    "unit": "px",
                    "size": 549,
                    "sizes": []
                },
                "structure": "20",
                "padding": {
                    "unit": "px",
                    "top": "100",
                    "right": "0",
                    "bottom": "100",
                    "left": "80",
                    "isLinked": false
                },
                "padding_mobile": {
                    "unit": "px",
                    "top": "60",
                    "right": "20",
                    "bottom": "60",
                    "left": "20",
                    "isLinked": false
                },
                "margin_tablet": {
                    "unit": "px",
                    "top": "60",
                    "right": 0,
                    "bottom": "60",
                    "left": 0,
                    "isLinked": false
                },
                "padding_tablet": {
                    "unit": "px",
                    "top": "0",
                    "right": "0",
                    "bottom": "0",
                    "left": "0",
                    "isLinked": false
                }
            },
            "elements": [
                {
                    "id": "7cdaa983",
                    "settings": {
                        "_column_size": 50,
                        "_inline_size": null,
                        "margin": {
                            "unit": "px",
                            "top": "120",
                            "right": "60",
                            "bottom": "120",
                            "left": "0",
                            "isLinked": false
                        },
                        "padding_tablet": {
                            "unit": "px",
                            "top": "0",
                            "right": "0",
                            "bottom": "0",
                            "left": "30",
                            "isLinked": false
                        },
                        "margin_mobile": {
                            "unit": "px",
                            "top": "0",
                            "right": "0",
                            "bottom": "0",
                            "left": "0",
                            "isLinked": false
                        },
                        "padding_mobile": {
                            "unit": "px",
                            "top": "10",
                            "right": "10",
                            "bottom": "30",
                            "left": "10",
                            "isLinked": false
                        }
                    },
                    "elements": [
                        {
                            "id": "59c8bd42",
                            "settings": {
                                "title": "Vision",
                                "header_size": "h5"
                            },
                            "elements": [],
                            "isInner": false,
                            "widgetType": "heading",
                            "elType": "widget"
                        },
                        {
                            "id": "260aae",
                            "settings": {
                                "title": "Help Animals Live Good Lives!",
                                "typography_typography": "custom"
                            },
                            "elements": [],
                            "isInner": false,
                            "widgetType": "heading",
                            "elType": "widget"
                        },
                        {
                            "id": "2aa93a6e",
                            "settings": {
                                "editor": "<p>Lorem ipsum dolor sit amet, consectetur adipiscing elit. Ut elit tellus, luctus nec ullamcorper mattis, pulvinar dapibus leo. Lorem ipsum dolor sit amet, consectetur adipiscing elit. Ut elit tellus, luctus nec ullamcorper mattis, pulvinar dapibus leo.<\/p><p>Lorem ipsum dolor sit amet, consectetur adipiscing elit. Ut elit tellus, luctus nec ullamcorper mattis, pulvinar dapibus leo.<\/p>"
                            },
                            "elements": [],
                            "isInner": false,
                            "widgetType": "text-editor",
                            "elType": "widget"
                        },
                        {
                            "id": "1164d551",
                            "settings": {
                                "text": "View Job Openings",
                                "size": "md"
                            },
                            "elements": [],
                            "isInner": false,
                            "widgetType": "button",
                            "elType": "widget"
                        },
                        {
                            "id": "1d16fa44",
                            "settings": {
                                "image": {
                                    "url": "https:\/\/bimberonline.com\/adopt\/wp-content\/uploads\/sites\/73\/2020\/06\/image-section-05-min.png",
                                    "id": 110
                                },
                                "_element_width": "initial",
                                "_element_custom_width": {
                                    "unit": "px",
                                    "size": 250,
                                    "sizes": []
                                },
                                "_position": "absolute",
                                "_offset_orientation_h": "end",
                                "_offset_x_end": {
                                    "size": -143.6,
                                    "unit": "px"
                                },
                                "_offset_orientation_v": "end",
                                "_offset_y_end": {
                                    "size": -171.675,
                                    "unit": "px"
                                },
                                "_offset_x_end_mobile": {
                                    "size": -12.8,
                                    "unit": "px"
                                },
                                "_offset_y_end_mobile": {
                                    "size": -98.163,
                                    "unit": "px"
                                },
                                "_offset_x_end_tablet": {
                                    "size": -237.2,
                                    "unit": "px"
                                },
                                "_offset_y_end_tablet": {
                                    "size": -105.35,
                                    "unit": "px"
                                }
                            },
                            "elements": [],
                            "isInner": false,
                            "widgetType": "image",
                            "elType": "widget"
                        }
                    ],
                    "isInner": false,
                    "elType": "column"
                },
                {
                    "id": "498281c1",
                    "settings": {
                        "_column_size": 50,
                        "_inline_size": null,
                        "content_position": "bottom",
                        "background_background": "classic",
                        "background_image": {
                            "url": "https:\/\/bimberonline.com\/adopt\/wp-content\/uploads\/sites\/73\/2020\/09\/image-section-30-min.jpg",
                            "id": 249
                        },
                        "background_position": "center center",
                        "background_repeat": "no-repeat",
                        "background_size": "cover",
                        "border_radius": {
                            "unit": "px",
                            "top": "60",
                            "right": "0",
                            "bottom": "0",
                            "left": "60",
                            "isLinked": false
                        },
                        "padding": {
                            "unit": "px",
                            "top": "0",
                            "right": "0",
                            "bottom": "0",
                            "left": "0",
                            "isLinked": true
                        },
                        "z_index": 5,
                        "margin_mobile": {
                            "unit": "px",
                            "top": "10",
                            "right": "10",
                            "bottom": "10",
                            "left": "10",
                            "isLinked": true
                        },
                        "padding_mobile": {
                            "unit": "px",
                            "top": "350",
                            "right": "0",
                            "bottom": "0",
                            "left": "0",
                            "isLinked": false
                        }
                    },
                    "elements": [
                        {
                            "id": "7555d9f6",
                            "settings": [],
                            "elements": [],
                            "isInner": false,
                            "widgetType": "spacer",
                            "elType": "widget"
                        }
                    ],
                    "isInner": false,
                    "elType": "column"
                }
            ],
            "isInner": false,
            "elType": "section"
        },
        {
            "id": "9f2e928",
            "settings": {
                "background_position": "center right",
                "background_repeat": "no-repeat",
                "background_size": "initial",
                "padding": {
                    "unit": "px",
                    "top": "100",
                    "right": "80",
                    "bottom": "100",
                    "left": "80",
                    "isLinked": false
                },
                "background_bg_width": {
                    "unit": "%",
                    "size": 98,
                    "sizes": []
                },
                "padding_mobile": {
                    "unit": "px",
                    "top": "60",
                    "right": "20",
                    "bottom": "60",
                    "left": "20",
                    "isLinked": false
                },
                "padding_tablet": {
                    "unit": "px",
                    "top": "100",
                    "right": "20",
                    "bottom": "100",
                    "left": "20",
                    "isLinked": false
                },
                "background_position_mobile": "top center",
                "background_size_mobile": "initial",
                "background_bg_width_mobile": {
                    "unit": "px",
                    "size": 1000,
                    "sizes": []
                },
                "content_width": {
                    "unit": "px",
                    "size": 1200,
                    "sizes": []
                },
                "background_overlay_background": "classic",
                "background_overlay_image": {
                    "url": "https:\/\/bimberonline.com\/adopt\/wp-content\/uploads\/sites\/73\/2020\/06\/image-section-19-min.png",
                    "id": 190
                },
                "background_overlay_position": "center center",
                "background_overlay_repeat": "no-repeat",
                "background_overlay_size": "auto",
                "background_overlay_opacity": {
                    "unit": "px",
                    "size": 0.2,
                    "sizes": []
                }
            },
            "elements": [
                {
                    "id": "2a4848f8",
                    "settings": {
                        "_column_size": 100,
                        "_inline_size": null
                    },
                    "elements": [
                        {
                            "id": "664ac555",
                            "settings": {
                                "image": {
                                    "url": "https:\/\/bimberonline.com\/adopt\/wp-content\/uploads\/sites\/73\/2020\/06\/image-section-08-min.png",
                                    "id": 113
                                },
                                "_element_width": "initial",
                                "_element_custom_width": {
                                    "unit": "px",
                                    "size": 260,
                                    "sizes": []
                                },
                                "_position": "absolute",
                                "_offset_x": {
                                    "size": -56,
                                    "unit": "px"
                                },
                                "_offset_y": {
                                    "size": -52,
                                    "unit": "px"
                                },
                                "_offset_x_mobile": {
                                    "size": -174,
                                    "unit": "px"
                                },
                                "_offset_y_mobile": {
                                    "size": -104,
                                    "unit": "px"
                                },
                                "_offset_x_tablet": {
                                    "size": -113,
                                    "unit": "px"
                                },
                                "_offset_y_tablet": {
                                    "size": -124,
                                    "unit": "px"
                                }
                            },
                            "elements": [],
                            "isInner": false,
                            "widgetType": "image",
                            "elType": "widget"
                        },
                        {
                            "id": "7940c91c",
                            "settings": {
                                "content_width": {
                                    "unit": "px",
                                    "size": 800,
                                    "sizes": []
                                }
                            },
                            "elements": [
                                {
                                    "id": "19b23cb3",
                                    "settings": {
                                        "_column_size": 100,
                                        "_inline_size": null
                                    },
                                    "elements": [
                                        {
                                            "id": "3da475c7",
                                            "settings": {
                                                "image": {
                                                    "url": "https:\/\/bimberonline.com\/adopt\/wp-content\/uploads\/sites\/73\/2020\/06\/image-icon-08-min.png",
                                                    "id": 126
                                                },
                                                "width": {
                                                    "unit": "%",
                                                    "size": 4,
                                                    "sizes": []
                                                },
                                                "width_mobile": {
                                                    "unit": "%",
                                                    "size": 15,
                                                    "sizes": []
                                                }
                                            },
                                            "elements": [],
                                            "isInner": false,
                                            "widgetType": "image",
                                            "elType": "widget"
                                        },
                                        {
                                            "id": "35d2ab6c",
                                            "settings": {
                                                "title": "How we earn your trust",
                                                "align": "center"
                                            },
                                            "elements": [],
                                            "isInner": false,
                                            "widgetType": "heading",
                                            "elType": "widget"
                                        },
                                        {
                                            "id": "14b0a506",
                                            "settings": {
                                                "editor": "But we\u2019re not done yet. We still need your help. Here\u2019s how you can get involved\u2026",
                                                "align": "center"
                                            },
                                            "elements": [],
                                            "isInner": false,
                                            "widgetType": "text-editor",
                                            "elType": "widget"
                                        }
                                    ],
                                    "isInner": true,
                                    "elType": "column"
                                }
                            ],
                            "isInner": true,
                            "elType": "section"
                        },
                        {
                            "id": "47538e18",
                            "settings": {
                                "structure": "30",
                                "margin": {
                                    "unit": "px",
                                    "top": "30",
                                    "right": 0,
                                    "bottom": "0",
                                    "left": 0,
                                    "isLinked": false
                                },
                                "animation": "slideInUp",
                                "layout": "full_width"
                            },
                            "elements": [
                                {
                                    "id": "1a265fd2",
                                    "settings": {
                                        "_column_size": 33,
                                        "_inline_size": null,
                                        "content_position": "center",
                                        "background_background": "classic",
                                        "background_color": "#FFFFFF",
                                        "box_shadow_box_shadow_type": "yes",
                                        "box_shadow_box_shadow": {
                                            "horizontal": 0,
                                            "vertical": 0,
                                            "blur": 30,
                                            "spread": 0,
                                            "color": "rgba(180, 180, 180, 0.15)"
                                        },
                                        "box_shadow_hover_box_shadow_type": "yes",
                                        "box_shadow_hover_box_shadow": {
                                            "horizontal": 0,
                                            "vertical": 0,
                                            "blur": 30,
                                            "spread": 0,
                                            "color": "rgba(0, 0, 0, 0.15)"
                                        },
                                        "margin": {
                                            "unit": "%",
                                            "top": "5",
                                            "right": "5",
                                            "bottom": "5",
                                            "left": "5",
                                            "isLinked": true
                                        },
                                        "padding": {
                                            "unit": "%",
                                            "top": "10",
                                            "right": "10",
                                            "bottom": "10",
                                            "left": "10",
                                            "isLinked": true
                                        },
                                        "border_radius": {
                                            "unit": "px",
                                            "top": "10",
                                            "right": "10",
                                            "bottom": "10",
                                            "left": "10",
                                            "isLinked": true
                                        }
                                    },
                                    "elements": [
                                        {
                                            "id": "5e629118",
                                            "settings": {
                                                "image": {
                                                    "url": "https:\/\/bimberonline.com\/adopt\/wp-content\/uploads\/sites\/73\/2020\/06\/image-icon-13-min.png",
                                                    "id": 131
                                                },
                                                "title_text": "Welfare Partnerships",
                                                "description_text": "Every penny donated makes our rescue mission possible and brings our dreams closer.",
                                                "image_size": {
                                                    "unit": "%",
                                                    "size": 25,
                                                    "sizes": []
                                                },
                                                "_padding": {
                                                    "unit": "%",
                                                    "top": "",
                                                    "right": "",
                                                    "bottom": "",
                                                    "left": "",
                                                    "isLinked": true
                                                },
                                                "title_size": "h5"
                                            },
                                            "elements": [],
                                            "isInner": false,
                                            "widgetType": "image-box",
                                            "elType": "widget"
                                        },
                                        {
                                            "id": "1eee307a",
                                            "settings": {
                                                "text": "Be a Volunteer",
                                                "align": "center",
                                                "selected_icon": {
                                                    "value": "fas fa-long-arrow-alt-right",
                                                    "library": "fa-solid"
                                                },
                                                "icon_align": "right",
                                                "typography_typography": "custom",
                                                "typography_font_size": {
                                                    "unit": "px",
                                                    "size": 15,
                                                    "sizes": []
                                                },
                                                "background_color": "rgba(2, 1, 1, 0)",
                                                "__globals__": {
                                                    "hover_color": "globals\/colors?id=bccedde",
                                                    "button_text_color": "globals\/colors?id=bccedde"
                                                }
                                            },
                                            "elements": [],
                                            "isInner": false,
                                            "widgetType": "button",
                                            "elType": "widget"
                                        }
                                    ],
                                    "isInner": true,
                                    "elType": "column"
                                },
                                {
                                    "id": "52aeda6f",
                                    "settings": {
                                        "_column_size": 33,
                                        "_inline_size": null,
                                        "content_position": "center",
                                        "background_background": "classic",
                                        "background_color": "#FFFFFF",
                                        "box_shadow_box_shadow_type": "yes",
                                        "box_shadow_box_shadow": {
                                            "horizontal": 0,
                                            "vertical": 0,
                                            "blur": 30,
                                            "spread": 0,
                                            "color": "rgba(180, 180, 180, 0.15)"
                                        },
                                        "box_shadow_hover_box_shadow_type": "yes",
                                        "box_shadow_hover_box_shadow": {
                                            "horizontal": 0,
                                            "vertical": 0,
                                            "blur": 30,
                                            "spread": 0,
                                            "color": "rgba(0, 0, 0, 0.15)"
                                        },
                                        "margin": {
                                            "unit": "%",
                                            "top": "5",
                                            "right": "5",
                                            "bottom": "5",
                                            "left": "5",
                                            "isLinked": true
                                        },
                                        "padding": {
                                            "unit": "%",
                                            "top": "10",
                                            "right": "10",
                                            "bottom": "10",
                                            "left": "10",
                                            "isLinked": true
                                        },
                                        "border_radius": {
                                            "unit": "px",
                                            "top": "10",
                                            "right": "10",
                                            "bottom": "10",
                                            "left": "10",
                                            "isLinked": true
                                        }
                                    },
                                    "elements": [
                                        {
                                            "id": "4c993ba3",
                                            "settings": {
                                                "image": {
                                                    "url": "https:\/\/bimberonline.com\/adopt\/wp-content\/uploads\/sites\/73\/2020\/06\/image-icon-14-min.png",
                                                    "id": 118
                                                },
                                                "title_text": "Veterinary Services",
                                                "description_text": "The future of hundreds of animals can be better planned with a steady income.",
                                                "image_size": {
                                                    "unit": "%",
                                                    "size": 25,
                                                    "sizes": []
                                                },
                                                "_padding": {
                                                    "unit": "%",
                                                    "top": "",
                                                    "right": "",
                                                    "bottom": "",
                                                    "left": "",
                                                    "isLinked": true
                                                },
                                                "title_size": "h5"
                                            },
                                            "elements": [],
                                            "isInner": false,
                                            "widgetType": "image-box",
                                            "elType": "widget"
                                        },
                                        {
                                            "id": "4e448dd",
                                            "settings": {
                                                "text": "Be a Volunteer",
                                                "align": "center",
                                                "selected_icon": {
                                                    "value": "fas fa-long-arrow-alt-right",
                                                    "library": "fa-solid"
                                                },
                                                "icon_align": "right",
                                                "typography_typography": "custom",
                                                "typography_font_size": {
                                                    "unit": "px",
                                                    "size": 15,
                                                    "sizes": []
                                                },
                                                "background_color": "rgba(2, 1, 1, 0)",
                                                "__globals__": {
                                                    "hover_color": "globals\/colors?id=bccedde",
                                                    "button_text_color": "globals\/colors?id=bccedde"
                                                }
                                            },
                                            "elements": [],
                                            "isInner": false,
                                            "widgetType": "button",
                                            "elType": "widget"
                                        }
                                    ],
                                    "isInner": true,
                                    "elType": "column"
                                },
                                {
                                    "id": "3dd9fca3",
                                    "settings": {
                                        "_column_size": 33,
                                        "_inline_size": null,
                                        "content_position": "center",
                                        "background_background": "classic",
                                        "background_color": "#FFFFFF",
                                        "box_shadow_box_shadow_type": "yes",
                                        "box_shadow_box_shadow": {
                                            "horizontal": 0,
                                            "vertical": 0,
                                            "blur": 30,
                                            "spread": 0,
                                            "color": "rgba(180, 180, 180, 0.15)"
                                        },
                                        "box_shadow_hover_box_shadow_type": "yes",
                                        "box_shadow_hover_box_shadow": {
                                            "horizontal": 0,
                                            "vertical": 0,
                                            "blur": 30,
                                            "spread": 0,
                                            "color": "rgba(0, 0, 0, 0.15)"
                                        },
                                        "margin": {
                                            "unit": "%",
                                            "top": "5",
                                            "right": "5",
                                            "bottom": "5",
                                            "left": "5",
                                            "isLinked": true
                                        },
                                        "padding": {
                                            "unit": "%",
                                            "top": "10",
                                            "right": "10",
                                            "bottom": "10",
                                            "left": "10",
                                            "isLinked": true
                                        },
                                        "border_radius": {
                                            "unit": "px",
                                            "top": "10",
                                            "right": "10",
                                            "bottom": "10",
                                            "left": "10",
                                            "isLinked": true
                                        }
                                    },
                                    "elements": [
                                        {
                                            "id": "13aec0a5",
                                            "settings": {
                                                "image": {
                                                    "url": "https:\/\/bimberonline.com\/adopt\/wp-content\/uploads\/sites\/73\/2020\/06\/image-icon-01-min-1.png",
                                                    "id": 119
                                                },
                                                "title_text": "Policy & Response",
                                                "description_text": "As a relatively young charity, we need to build on our financial reserves for long-term projects.",
                                                "image_size": {
                                                    "unit": "%",
                                                    "size": 25,
                                                    "sizes": []
                                                },
                                                "_padding": {
                                                    "unit": "%",
                                                    "top": "",
                                                    "right": "",
                                                    "bottom": "",
                                                    "left": "",
                                                    "isLinked": true
                                                },
                                                "title_size": "h5"
                                            },
                                            "elements": [],
                                            "isInner": false,
                                            "widgetType": "image-box",
                                            "elType": "widget"
                                        },
                                        {
                                            "id": "4dc650b1",
                                            "settings": {
                                                "text": "Be a Volunteer",
                                                "align": "center",
                                                "selected_icon": {
                                                    "value": "fas fa-long-arrow-alt-right",
                                                    "library": "fa-solid"
                                                },
                                                "icon_align": "right",
                                                "typography_typography": "custom",
                                                "typography_font_size": {
                                                    "unit": "px",
                                                    "size": 15,
                                                    "sizes": []
                                                },
                                                "background_color": "rgba(2, 1, 1, 0)",
                                                "__globals__": {
                                                    "hover_color": "globals\/colors?id=bccedde",
                                                    "button_text_color": "globals\/colors?id=bccedde"
                                                }
                                            },
                                            "elements": [],
                                            "isInner": false,
                                            "widgetType": "button",
                                            "elType": "widget"
                                        }
                                    ],
                                    "isInner": true,
                                    "elType": "column"
                                }
                            ],
                            "isInner": true,
                            "elType": "section"
                        },
                        {
                            "id": "524f6172",
                            "settings": {
                                "structure": "30",
                                "animation": "slideInUp",
                                "layout": "full_width"
                            },
                            "elements": [
                                {
                                    "id": "78d94d5f",
                                    "settings": {
                                        "_column_size": 33,
                                        "_inline_size": null,
                                        "content_position": "center",
                                        "background_background": "classic",
                                        "background_color": "#FFFFFF",
                                        "box_shadow_box_shadow_type": "yes",
                                        "box_shadow_box_shadow": {
                                            "horizontal": 0,
                                            "vertical": 0,
                                            "blur": 30,
                                            "spread": 0,
                                            "color": "rgba(180, 180, 180, 0.15)"
                                        },
                                        "box_shadow_hover_box_shadow_type": "yes",
                                        "box_shadow_hover_box_shadow": {
                                            "horizontal": 0,
                                            "vertical": 0,
                                            "blur": 30,
                                            "spread": 0,
                                            "color": "rgba(0, 0, 0, 0.15)"
                                        },
                                        "margin": {
                                            "unit": "%",
                                            "top": "5",
                                            "right": "5",
                                            "bottom": "5",
                                            "left": "5",
                                            "isLinked": true
                                        },
                                        "padding": {
                                            "unit": "%",
                                            "top": "10",
                                            "right": "10",
                                            "bottom": "10",
                                            "left": "10",
                                            "isLinked": true
                                        },
                                        "border_radius": {
                                            "unit": "px",
                                            "top": "10",
                                            "right": "10",
                                            "bottom": "10",
                                            "left": "10",
                                            "isLinked": true
                                        }
                                    },
                                    "elements": [
                                        {
                                            "id": "396dfc26",
                                            "settings": {
                                                "image": {
                                                    "url": "https:\/\/bimberonline.com\/adopt\/wp-content\/uploads\/sites\/73\/2020\/06\/image-icon-03-min-1.png",
                                                    "id": 121
                                                },
                                                "title_text": "Development",
                                                "description_text": "Animals will continue to suffer in silence, unless you speak up for them.",
                                                "image_size": {
                                                    "unit": "%",
                                                    "size": 25,
                                                    "sizes": []
                                                },
                                                "_padding": {
                                                    "unit": "%",
                                                    "top": "",
                                                    "right": "",
                                                    "bottom": "",
                                                    "left": "",
                                                    "isLinked": true
                                                },
                                                "title_size": "h5"
                                            },
                                            "elements": [],
                                            "isInner": false,
                                            "widgetType": "image-box",
                                            "elType": "widget"
                                        },
                                        {
                                            "id": "3a1c5e0a",
                                            "settings": {
                                                "text": "Be a Volunteer",
                                                "align": "center",
                                                "selected_icon": {
                                                    "value": "fas fa-long-arrow-alt-right",
                                                    "library": "fa-solid"
                                                },
                                                "icon_align": "right",
                                                "typography_typography": "custom",
                                                "typography_font_size": {
                                                    "unit": "px",
                                                    "size": 15,
                                                    "sizes": []
                                                },
                                                "background_color": "rgba(2, 1, 1, 0)",
                                                "__globals__": {
                                                    "hover_color": "globals\/colors?id=bccedde",
                                                    "button_text_color": "globals\/colors?id=bccedde"
                                                }
                                            },
                                            "elements": [],
                                            "isInner": false,
                                            "widgetType": "button",
                                            "elType": "widget"
                                        }
                                    ],
                                    "isInner": true,
                                    "elType": "column"
                                },
                                {
                                    "id": "405cc38e",
                                    "settings": {
                                        "_column_size": 33,
                                        "_inline_size": null,
                                        "content_position": "center",
                                        "background_background": "classic",
                                        "background_color": "#FFFFFF",
                                        "box_shadow_box_shadow_type": "yes",
                                        "box_shadow_box_shadow": {
                                            "horizontal": 0,
                                            "vertical": 0,
                                            "blur": 30,
                                            "spread": 0,
                                            "color": "rgba(180, 180, 180, 0.15)"
                                        },
                                        "box_shadow_hover_box_shadow_type": "yes",
                                        "box_shadow_hover_box_shadow": {
                                            "horizontal": 0,
                                            "vertical": 0,
                                            "blur": 30,
                                            "spread": 0,
                                            "color": "rgba(0, 0, 0, 0.15)"
                                        },
                                        "margin": {
                                            "unit": "%",
                                            "top": "5",
                                            "right": "5",
                                            "bottom": "5",
                                            "left": "5",
                                            "isLinked": true
                                        },
                                        "padding": {
                                            "unit": "%",
                                            "top": "10",
                                            "right": "10",
                                            "bottom": "10",
                                            "left": "10",
                                            "isLinked": true
                                        },
                                        "border_radius": {
                                            "unit": "px",
                                            "top": "10",
                                            "right": "10",
                                            "bottom": "10",
                                            "left": "10",
                                            "isLinked": true
                                        }
                                    },
                                    "elements": [
                                        {
                                            "id": "34782dc6",
                                            "settings": {
                                                "image": {
                                                    "url": "https:\/\/bimberonline.com\/adopt\/wp-content\/uploads\/sites\/73\/2020\/06\/image-icon-02-min-1.png",
                                                    "id": 120
                                                },
                                                "title_text": "Operations & Strategy",
                                                "description_text": "One of the best ways to understand the stray problem in Romania, what we do and why.",
                                                "image_size": {
                                                    "unit": "%",
                                                    "size": 25,
                                                    "sizes": []
                                                },
                                                "_padding": {
                                                    "unit": "%",
                                                    "top": "",
                                                    "right": "",
                                                    "bottom": "",
                                                    "left": "",
                                                    "isLinked": true
                                                },
                                                "title_size": "h5"
                                            },
                                            "elements": [],
                                            "isInner": false,
                                            "widgetType": "image-box",
                                            "elType": "widget"
                                        },
                                        {
                                            "id": "1c005ade",
                                            "settings": {
                                                "text": "Be a Volunteer",
                                                "align": "center",
                                                "selected_icon": {
                                                    "value": "fas fa-long-arrow-alt-right",
                                                    "library": "fa-solid"
                                                },
                                                "icon_align": "right",
                                                "typography_typography": "custom",
                                                "typography_font_size": {
                                                    "unit": "px",
                                                    "size": 15,
                                                    "sizes": []
                                                },
                                                "background_color": "rgba(2, 1, 1, 0)",
                                                "__globals__": {
                                                    "hover_color": "globals\/colors?id=bccedde",
                                                    "button_text_color": "globals\/colors?id=bccedde"
                                                }
                                            },
                                            "elements": [],
                                            "isInner": false,
                                            "widgetType": "button",
                                            "elType": "widget"
                                        }
                                    ],
                                    "isInner": true,
                                    "elType": "column"
                                },
                                {
                                    "id": "42b915a5",
                                    "settings": {
                                        "_column_size": 33,
                                        "_inline_size": null,
                                        "content_position": "center",
                                        "background_background": "classic",
                                        "background_color": "#FFFFFF",
                                        "box_shadow_box_shadow_type": "yes",
                                        "box_shadow_box_shadow": {
                                            "horizontal": 0,
                                            "vertical": 0,
                                            "blur": 30,
                                            "spread": 0,
                                            "color": "rgba(180, 180, 180, 0.15)"
                                        },
                                        "box_shadow_hover_box_shadow_type": "yes",
                                        "box_shadow_hover_box_shadow": {
                                            "horizontal": 0,
                                            "vertical": 0,
                                            "blur": 30,
                                            "spread": 0,
                                            "color": "rgba(0, 0, 0, 0.15)"
                                        },
                                        "margin": {
                                            "unit": "%",
                                            "top": "5",
                                            "right": "5",
                                            "bottom": "5",
                                            "left": "5",
                                            "isLinked": true
                                        },
                                        "padding": {
                                            "unit": "%",
                                            "top": "10",
                                            "right": "10",
                                            "bottom": "10",
                                            "left": "10",
                                            "isLinked": true
                                        },
                                        "border_radius": {
                                            "unit": "px",
                                            "top": "10",
                                            "right": "10",
                                            "bottom": "10",
                                            "left": "10",
                                            "isLinked": true
                                        }
                                    },
                                    "elements": [
                                        {
                                            "id": "69327bb",
                                            "settings": {
                                                "image": {
                                                    "url": "https:\/\/bimberonline.com\/adopt\/wp-content\/uploads\/sites\/73\/2020\/06\/image-icon-07-min.png",
                                                    "id": 125
                                                },
                                                "title_text": "Communications",
                                                "description_text": "Give voice to countless voiceless friends that have nobody else to rely on.",
                                                "image_size": {
                                                    "unit": "%",
                                                    "size": 25,
                                                    "sizes": []
                                                },
                                                "_padding": {
                                                    "unit": "%",
                                                    "top": "",
                                                    "right": "",
                                                    "bottom": "",
                                                    "left": "",
                                                    "isLinked": true
                                                },
                                                "title_size": "h5"
                                            },
                                            "elements": [],
                                            "isInner": false,
                                            "widgetType": "image-box",
                                            "elType": "widget"
                                        },
                                        {
                                            "id": "6ea20ed9",
                                            "settings": {
                                                "text": "Be a Volunteer",
                                                "align": "center",
                                                "selected_icon": {
                                                    "value": "fas fa-long-arrow-alt-right",
                                                    "library": "fa-solid"
                                                },
                                                "icon_align": "right",
                                                "typography_typography": "custom",
                                                "typography_font_size": {
                                                    "unit": "px",
                                                    "size": 15,
                                                    "sizes": []
                                                },
                                                "background_color": "rgba(2, 1, 1, 0)",
                                                "__globals__": {
                                                    "hover_color": "globals\/colors?id=bccedde",
                                                    "button_text_color": "globals\/colors?id=bccedde"
                                                }
                                            },
                                            "elements": [],
                                            "isInner": false,
                                            "widgetType": "button",
                                            "elType": "widget"
                                        }
                                    ],
                                    "isInner": true,
                                    "elType": "column"
                                }
                            ],
                            "isInner": true,
                            "elType": "section"
                        }
                    ],
                    "isInner": false,
                    "elType": "column"
                }
            ],
            "isInner": false,
            "elType": "section"
        },
        {
            "id": "2417d74b",
            "settings": {
                "structure": "20",
                "background_background": "gradient",
                "background_color_b": "#AD77FF",
                "background_overlay_background": "classic",
                "background_overlay_image": {
                    "url": "https:\/\/bimberonline.com\/adopt\/wp-content\/uploads\/sites\/73\/2020\/06\/image-section-29-min.png",
                    "id": 207
                },
                "background_overlay_position": "center center",
                "background_overlay_repeat": "no-repeat",
                "background_overlay_size": "cover",
                "background_overlay_opacity": {
                    "unit": "px",
                    "size": 0.15,
                    "sizes": []
                },
                "shape_divider_top": "waves",
                "shape_divider_top_height": {
                    "unit": "px",
                    "size": 50,
                    "sizes": []
                },
                "shape_divider_top_negative": "yes",
                "shape_divider_bottom": "waves",
                "shape_divider_bottom_height": {
                    "unit": "px",
                    "size": 50,
                    "sizes": []
                },
                "shape_divider_bottom_negative": "yes",
                "padding": {
                    "unit": "px",
                    "top": "100",
                    "right": "0",
                    "bottom": "100",
                    "left": "0",
                    "isLinked": false
                },
                "__globals__": {
                    "background_color": "globals\/colors?id=daf9735",
                    "background_color_b": "globals\/colors?id=95b1126"
                },
                "padding_mobile": {
                    "unit": "px",
                    "top": "100",
                    "right": "20",
                    "bottom": "100",
                    "left": "20",
                    "isLinked": false
                },
                "custom_height": {
                    "unit": "px",
                    "size": "",
                    "sizes": []
                },
                "padding_tablet": {
                    "unit": "px",
                    "top": "100",
                    "right": "30",
                    "bottom": "100",
                    "left": "30",
                    "isLinked": false
                }
            },
            "elements": [
                {
                    "id": "22c925d8",
                    "settings": {
                        "_column_size": 50,
                        "_inline_size": 40,
                        "content_position": "center",
                        "background_background": "classic",
                        "background_position": "center center",
                        "background_repeat": "no-repeat",
                        "background_size": "initial",
                        "background_bg_width": {
                            "unit": "%",
                            "size": 60,
                            "sizes": []
                        },
                        "padding_mobile": {
                            "unit": "px",
                            "top": "0",
                            "right": "0",
                            "bottom": "0",
                            "left": "0",
                            "isLinked": false
                        }
                    },
                    "elements": [
                        {
                            "id": "5ac6600b",
                            "settings": {
                                "youtube_url": "https:\/\/www.youtube.com\/watch?v=XHOmBV4js_E",
                                "vimeo_url": "https:\/\/vimeo.com\/235215203",
                                "dailymotion_url": "https:\/\/www.dailymotion.com\/video\/x6tqhqb",
                                "show_image_overlay": "yes",
                                "image_overlay": {
                                    "url": "https:\/\/bimberonline.com\/adopt\/wp-content\/uploads\/sites\/73\/2020\/06\/image-section-22-min.png",
                                    "id": 195
                                },
                                "lightbox": "yes"
                            },
                            "elements": [],
                            "isInner": false,
                            "widgetType": "video",
                            "elType": "widget"
                        }
                    ],
                    "isInner": false,
                    "elType": "column"
                },
                {
                    "id": "2a726d2f",
                    "settings": {
                        "_column_size": 50,
                        "_inline_size": 59.981,
                        "content_position": "center",
                        "margin_mobile": {
                            "unit": "px",
                            "top": "30",
                            "right": "0",
                            "bottom": "0",
                            "left": "0",
                            "isLinked": false
                        },
                        "padding": {
                            "unit": "px",
                            "top": "30",
                            "right": "30",
                            "bottom": "30",
                            "left": "60",
                            "isLinked": false
                        },
                        "padding_mobile": {
                            "unit": "px",
                            "top": "10",
                            "right": "10",
                            "bottom": "10",
                            "left": "10",
                            "isLinked": true
                        },
                        "margin_tablet": {
                            "unit": "px",
                            "top": "0",
                            "right": "0",
                            "bottom": "0",
                            "left": "0",
                            "isLinked": false
                        }
                    },
                    "elements": [
                        {
                            "id": "2ac6618d",
                            "settings": {
                                "title": "Video Section",
                                "header_size": "h5",
                                "__globals__": {
                                    "title_color": "globals\/colors?id=bccedde"
                                }
                            },
                            "elements": [],
                            "isInner": false,
                            "widgetType": "heading",
                            "elType": "widget"
                        },
                        {
                            "id": "66dd4cc4",
                            "settings": {
                                "title": "Our Work",
                                "__globals__": {
                                    "title_color": "globals\/colors?id=bccedde"
                                }
                            },
                            "elements": [],
                            "isInner": false,
                            "widgetType": "heading",
                            "elType": "widget"
                        },
                        {
                            "id": "51383b50",
                            "settings": {
                                "editor": "<p>Nascetur ridiculus mus mauris vitae ultricies leo integer. Arcu ac tortor dignissim convallis aenean et tortor at. Velit ut tortor pretium viverra suspendisse potenti. <br \/><br \/>Consequat ac felis donec et odio pellentesque. Amet consectetur adipiscing elit duis tristique. Aenean sed adipiscing diam donec adipiscing tristique risus nec. Ac placerat vestibulum lectus mauris. Egestas dui id ornare arcu odio ut sem nulla pharetra. Viverra aliquet eget sit amet tellus cras. Lorem mollis aliquam ut porttitor leo.<\/p>",
                                "__globals__": {
                                    "text_color": "globals\/colors?id=bccedde"
                                }
                            },
                            "elements": [],
                            "isInner": false,
                            "widgetType": "text-editor",
                            "elType": "widget"
                        },
                        {
                            "id": "35af81a0",
                            "settings": {
                                "text": "Contact Us",
                                "__globals__": {
                                    "background_color": "",
                                    "button_text_color": "",
                                    "hover_color": "",
                                    "button_background_hover_color": ""
                                }
                            },
                            "elements": [],
                            "isInner": false,
                            "widgetType": "button",
                            "elType": "widget"
                        }
                    ],
                    "isInner": false,
                    "elType": "column"
                }
            ],
            "isInner": false,
            "elType": "section"
        }
    ]
}