{
    "version": "0.4",
    "title": "Coming Soon 02",
    "type": "page",
    "metadata": {
        "template_type": "single-page",
        "include_in_zip": "1",
        "elementor_pro_required": "1",
        "wp_page_template": "elementor_canvas"
    },
    "content": [
        {
            "id": "2568d0e6",
            "settings": {
                "height": "full",
                "background_position": "bottom center",
                "background_repeat": "no-repeat",
                "background_size": "initial",
                "background_bg_width": {
                    "unit": "%",
                    "size": 79,
                    "sizes": []
                },
                "background_overlay_background": "classic",
                "background_overlay_image": {
                    "url": "https:\/\/bimberonline.com\/adopt\/wp-content\/uploads\/sites\/73\/2020\/06\/image-section-19-min.png",
                    "id": 190
                },
                "background_overlay_position": "center center",
                "background_overlay_repeat": "no-repeat",
                "background_overlay_size": "cover",
                "padding_mobile": {
                    "unit": "px",
                    "top": "60",
                    "right": "0",
                    "bottom": "60",
                    "left": "0",
                    "isLinked": false
                },
                "__globals__": {
                    "background_color": "",
                    "background_color_b": ""
                },
                "background_color_b": "",
                "content_width": {
                    "unit": "px",
                    "size": 1400,
                    "sizes": []
                },
                "margin_tablet": {
                    "unit": "px",
                    "top": "",
                    "right": 0,
                    "bottom": "",
                    "left": 0,
                    "isLinked": true
                },
                "padding": {
                    "unit": "px",
                    "top": "0",
                    "right": "80",
                    "bottom": "0",
                    "left": "80",
                    "isLinked": false
                },
                "padding_tablet": {
                    "unit": "px",
                    "top": "100",
                    "right": "30",
                    "bottom": "100",
                    "left": "30",
                    "isLinked": false
                }
            },
            "elements": [
                {
                    "id": "16c29754",
                    "settings": {
                        "_column_size": 100,
                        "_inline_size": null,
                        "padding": {
                            "unit": "px",
                            "top": "0",
                            "right": "0",
                            "bottom": "0",
                            "left": "0",
                            "isLinked": false
                        },
                        "_inline_size_tablet": 100
                    },
                    "elements": [
                        {
                            "id": "73eb2e6d",
                            "settings": {
                                "image": {
                                    "url": "https:\/\/bimberonline.com\/adopt\/wp-content\/uploads\/sites\/73\/2020\/06\/image-section-08-min.png",
                                    "id": 113
                                },
                                "_element_width": "initial",
                                "_element_width_mobile": "initial",
                                "_element_custom_width": {
                                    "unit": "px",
                                    "size": 269,
                                    "sizes": []
                                },
                                "_element_custom_width_mobile": {
                                    "unit": "px",
                                    "size": 155,
                                    "sizes": []
                                },
                                "_position": "absolute",
                                "_offset_orientation_h": "end",
                                "_offset_x_end": {
                                    "size": 66.8,
                                    "unit": "px"
                                },
                                "_offset_x_end_tablet": {
                                    "size": 58.4,
                                    "unit": "px"
                                },
                                "_offset_x_end_mobile": {
                                    "size": 27.8,
                                    "unit": "px"
                                },
                                "_offset_y": {
                                    "size": -135,
                                    "unit": "px"
                                },
                                "_offset_y_tablet": {
                                    "size": 467,
                                    "unit": "px"
                                },
                                "_offset_y_mobile": {
                                    "size": -74,
                                    "unit": "px"
                                }
                            },
                            "elements": [],
                            "isInner": false,
                            "widgetType": "image",
                            "elType": "widget"
                        },
                        {
                            "id": "37c528a4",
                            "settings": {
                                "margin": {
                                    "unit": "px",
                                    "top": "",
                                    "right": 0,
                                    "bottom": "",
                                    "left": 0,
                                    "isLinked": true
                                },
                                "z_index": 5,
                                "structure": "20",
                                "layout": "full_width",
                                "margin_tablet": {
                                    "unit": "px",
                                    "top": "",
                                    "right": 0,
                                    "bottom": "",
                                    "left": 0,
                                    "isLinked": true
                                }
                            },
                            "elements": [
                                {
                                    "id": "19aca33e",
                                    "settings": {
                                        "_column_size": 50,
                                        "_inline_size": null,
                                        "content_position": "center",
                                        "padding": {
                                            "unit": "px",
                                            "top": "0",
                                            "right": "60",
                                            "bottom": "0",
                                            "left": "60",
                                            "isLinked": false
                                        },
                                        "_inline_size_tablet": 100
                                    },
                                    "elements": [
                                        {
                                            "id": "4d3935c2",
                                            "settings": {
                                                "title": "Coming soon",
                                                "header_size": "h1",
                                                "align": "center",
                                                "__globals__": {
                                                    "title_color": "globals\/colors?id=bccedde"
                                                }
                                            },
                                            "elements": [],
                                            "isInner": false,
                                            "widgetType": "heading",
                                            "elType": "widget"
                                        },
                                        {
                                            "id": "431241c3",
                                            "settings": {
                                                "align": "center",
                                                "__globals__": {
                                                    "text_color": "globals\/colors?id=bccedde"
                                                }
                                            },
                                            "elements": [],
                                            "isInner": false,
                                            "widgetType": "text-editor",
                                            "elType": "widget"
                                        },
                                        {
                                            "id": "26981fff",
                                            "settings": {
                                                "label_days": "Days",
                                                "label_hours": "Hours",
                                                "label_minutes": "Minutes",
                                                "label_seconds": "Seconds",
                                                "box_spacing": {
                                                    "unit": "px",
                                                    "size": 40,
                                                    "sizes": []
                                                },
                                                "box_spacing_tablet": {
                                                    "unit": "px",
                                                    "size": 25,
                                                    "sizes": []
                                                },
                                                "box_spacing_mobile": {
                                                    "unit": "px",
                                                    "size": 3,
                                                    "sizes": []
                                                },
                                                "digits_typography_typography": "custom",
                                                "digits_typography_font_family": "Oswald",
                                                "digits_typography_font_size_tablet": {
                                                    "unit": "px",
                                                    "size": 30,
                                                    "sizes": []
                                                },
                                                "digits_typography_font_size_mobile": {
                                                    "unit": "px",
                                                    "size": 30,
                                                    "sizes": []
                                                },
                                                "digits_typography_font_weight": "900",
                                                "label_typography_typography": "custom",
                                                "label_typography_font_size_tablet": {
                                                    "unit": "px",
                                                    "size": 12,
                                                    "sizes": []
                                                },
                                                "label_typography_font_size_mobile": {
                                                    "unit": "px",
                                                    "size": 12,
                                                    "sizes": []
                                                },
                                                "_margin_mobile": {
                                                    "unit": "px",
                                                    "top": "0",
                                                    "right": "20",
                                                    "bottom": "0",
                                                    "left": "20",
                                                    "isLinked": false
                                                },
                                                "_padding": {
                                                    "unit": "px",
                                                    "top": "0",
                                                    "right": "60",
                                                    "bottom": "0",
                                                    "left": "60",
                                                    "isLinked": false
                                                },
                                                "_padding_mobile": {
                                                    "unit": "px",
                                                    "top": "0",
                                                    "right": "0",
                                                    "bottom": "0",
                                                    "left": "0",
                                                    "isLinked": false
                                                },
                                                "__globals__": {
                                                    "box_background_color": "globals\/colors?id=daf9735",
                                                    "digits_color": "globals\/colors?id=bccedde",
                                                    "label_color": "globals\/colors?id=bccedde"
                                                },
                                                "box_padding": {
                                                    "unit": "px",
                                                    "top": "20",
                                                    "right": "20",
                                                    "bottom": "20",
                                                    "left": "20",
                                                    "isLinked": true
                                                },
                                                "digits_typography_font_size": {
                                                    "unit": "px",
                                                    "size": 40,
                                                    "sizes": []
                                                },
                                                "label_typography_font_size": {
                                                    "unit": "px",
                                                    "size": 13,
                                                    "sizes": []
                                                },
                                                "container_width_tablet": {
                                                    "unit": "%",
                                                    "size": 0,
                                                    "sizes": []
                                                }
                                            },
                                            "elements": [],
                                            "isInner": false,
                                            "widgetType": "countdown",
                                            "elType": "widget"
                                        },
                                        {
                                            "id": "4a259a06",
                                            "settings": {
                                                "social_icon_list": [
                                                    {
                                                        "social": "fa fa-facebook",
                                                        "_id": "5646027",
                                                        "social_icon": {
                                                            "value": "fab fa-facebook-f",
                                                            "library": "fa-brands"
                                                        },
                                                        "__fa4_migrated": {
                                                            "social_icon": true
                                                        }
                                                    },
                                                    {
                                                        "social": "fa fa-twitter",
                                                        "_id": "72bc942",
                                                        "social_icon": {
                                                            "value": "fab fa-twitter",
                                                            "library": "fa-brands"
                                                        },
                                                        "__fa4_migrated": {
                                                            "social_icon": true
                                                        }
                                                    },
                                                    {
                                                        "social": "fa fa-google-plus",
                                                        "_id": "96bd910",
                                                        "social_icon": {
                                                            "value": "fab fa-google-plus-g",
                                                            "library": "fa-brands"
                                                        },
                                                        "__fa4_migrated": {
                                                            "social_icon": true
                                                        }
                                                    },
                                                    {
                                                        "social": "fa fa-instagram",
                                                        "_id": "7c2bcc0",
                                                        "social_icon": {
                                                            "value": "fab fa-instagram",
                                                            "library": "fa-brands"
                                                        },
                                                        "__fa4_migrated": {
                                                            "social_icon": true
                                                        }
                                                    }
                                                ],
                                                "icon_color": "custom",
                                                "icon_primary_color": "#885CCB",
                                                "icon_size": {
                                                    "unit": "px",
                                                    "size": 14
                                                },
                                                "shape": "square",
                                                "icon_padding": {
                                                    "unit": "em",
                                                    "size": 1.1
                                                },
                                                "icon_spacing": {
                                                    "unit": "px",
                                                    "size": 20
                                                },
                                                "align_mobile": "center",
                                                "icon_padding_tablet": {
                                                    "unit": "em",
                                                    "size": 0.9
                                                },
                                                "__globals__": {
                                                    "hover_primary_color": "globals\/colors?id=daf9735",
                                                    "icon_secondary_color": "",
                                                    "icon_primary_color": "globals\/colors?id=0657b85",
                                                    "hover_secondary_color": "globals\/colors?id=primary"
                                                },
                                                "align_tablet": "center",
                                                "border_radius": {
                                                    "unit": "px",
                                                    "top": "100",
                                                    "right": "100",
                                                    "bottom": "100",
                                                    "left": "100",
                                                    "isLinked": true
                                                },
                                                "icon_secondary_color": "#FFFFFF",
                                                "hover_primary_color": "#FFC131",
                                                "_margin": {
                                                    "unit": "px",
                                                    "top": "30",
                                                    "right": "0",
                                                    "bottom": "0",
                                                    "left": "0",
                                                    "isLinked": false
                                                },
                                                "icon_size_mobile": {
                                                    "unit": "px",
                                                    "size": 10,
                                                    "sizes": []
                                                }
                                            },
                                            "elements": [],
                                            "isInner": false,
                                            "widgetType": "social-icons",
                                            "elType": "widget"
                                        },
                                        {
                                            "id": "757ec891",
                                            "settings": {
                                                "editor": "<p>\u00a9Adopt Template Kit - Powered by Bimber Online<\/p>",
                                                "align": "center",
                                                "typography_typography": "custom",
                                                "typography_font_size": {
                                                    "unit": "px",
                                                    "size": 14,
                                                    "sizes": []
                                                },
                                                "__globals__": {
                                                    "text_color": "globals\/colors?id=bccedde"
                                                }
                                            },
                                            "elements": [],
                                            "isInner": false,
                                            "widgetType": "text-editor",
                                            "elType": "widget"
                                        },
                                        {
                                            "id": "681cbd90",
                                            "settings": {
                                                "image": {
                                                    "url": "https:\/\/bimberonline.com\/adopt\/wp-content\/uploads\/sites\/73\/2020\/06\/image-section-06-min.png",
                                                    "id": 111
                                                },
                                                "_element_width": "initial",
                                                "_element_custom_width": {
                                                    "unit": "px",
                                                    "size": 200,
                                                    "sizes": []
                                                },
                                                "_position": "absolute",
                                                "_offset_x": {
                                                    "size": -192,
                                                    "unit": "px"
                                                },
                                                "_offset_x_tablet": {
                                                    "size": -167,
                                                    "unit": "px"
                                                },
                                                "_offset_x_mobile": {
                                                    "size": -168,
                                                    "unit": "px"
                                                },
                                                "_offset_orientation_v": "end",
                                                "_offset_y_end": {
                                                    "size": 22.5,
                                                    "unit": "px"
                                                },
                                                "_offset_y_end_tablet": {
                                                    "size": 361.313,
                                                    "unit": "px"
                                                },
                                                "_offset_y_end_mobile": {
                                                    "size": -157.725,
                                                    "unit": "px"
                                                }
                                            },
                                            "elements": [],
                                            "isInner": false,
                                            "widgetType": "image",
                                            "elType": "widget"
                                        }
                                    ],
                                    "isInner": true,
                                    "elType": "column"
                                },
                                {
                                    "id": "60094b9a",
                                    "settings": {
                                        "_column_size": 50,
                                        "_inline_size": null,
                                        "content_position": "center",
                                        "padding": {
                                            "unit": "px",
                                            "top": "30",
                                            "right": "30",
                                            "bottom": "30",
                                            "left": "30",
                                            "isLinked": true
                                        },
                                        "_inline_size_tablet": 100
                                    },
                                    "elements": [
                                        {
                                            "id": "32d8095a",
                                            "settings": {
                                                "image": {
                                                    "url": "https:\/\/bimberonline.com\/adopt\/wp-content\/uploads\/sites\/73\/2020\/06\/image-section-23-min.png",
                                                    "id": 196
                                                },
                                                "_z_index": 5,
                                                "width_tablet": {
                                                    "unit": "%",
                                                    "size": 60,
                                                    "sizes": []
                                                },
                                                "width_mobile": {
                                                    "unit": "%",
                                                    "size": 100,
                                                    "sizes": []
                                                }
                                            },
                                            "elements": [],
                                            "isInner": false,
                                            "widgetType": "image",
                                            "elType": "widget"
                                        },
                                        {
                                            "id": "548cb88c",
                                            "settings": {
                                                "image": {
                                                    "url": "https:\/\/bimberonline.com\/adopt\/wp-content\/uploads\/sites\/73\/2020\/06\/image-section-05-min.png",
                                                    "id": 110
                                                },
                                                "_element_width": "initial",
                                                "_element_custom_width": {
                                                    "unit": "px",
                                                    "size": 200,
                                                    "sizes": []
                                                },
                                                "_position": "absolute",
                                                "_offset_x": {
                                                    "size": -39,
                                                    "unit": "px"
                                                },
                                                "_offset_x_tablet": {
                                                    "size": -155,
                                                    "unit": "px"
                                                },
                                                "_offset_x_mobile": {
                                                    "size": 78,
                                                    "unit": "px"
                                                },
                                                "_offset_orientation_v": "end",
                                                "_offset_y_end": {
                                                    "size": 437.387,
                                                    "unit": "px"
                                                },
                                                "_offset_y_end_tablet": {
                                                    "size": 511,
                                                    "unit": "px"
                                                },
                                                "_offset_y_end_mobile": {
                                                    "size": -0.675,
                                                    "unit": "px"
                                                }
                                            },
                                            "elements": [],
                                            "isInner": false,
                                            "widgetType": "image",
                                            "elType": "widget"
                                        }
                                    ],
                                    "isInner": true,
                                    "elType": "column"
                                }
                            ],
                            "isInner": true,
                            "elType": "section"
                        },
                        {
                            "id": "5dd005a2",
                            "settings": {
                                "image": {
                                    "url": "https:\/\/bimberonline.com\/adopt\/wp-content\/uploads\/sites\/73\/2020\/06\/image-section-07-min.png",
                                    "id": 112
                                },
                                "_element_width": "initial",
                                "_element_width_mobile": "initial",
                                "_element_custom_width": {
                                    "unit": "px",
                                    "size": 230,
                                    "sizes": []
                                },
                                "_element_custom_width_mobile": {
                                    "unit": "px",
                                    "size": 160,
                                    "sizes": []
                                },
                                "_position": "absolute",
                                "_offset_x": {
                                    "size": -62,
                                    "unit": "px"
                                },
                                "_offset_x_tablet": {
                                    "size": 428,
                                    "unit": "px"
                                },
                                "_offset_x_mobile": {
                                    "size": -103,
                                    "unit": "px"
                                },
                                "_offset_y": {
                                    "size": -198,
                                    "unit": "px"
                                },
                                "_offset_y_tablet": {
                                    "size": -258,
                                    "unit": "px"
                                },
                                "_offset_y_mobile": {
                                    "size": -146,
                                    "unit": "px"
                                }
                            },
                            "elements": [],
                            "isInner": false,
                            "widgetType": "image",
                            "elType": "widget"
                        }
                    ],
                    "isInner": false,
                    "elType": "column"
                }
            ],
            "isInner": false,
            "elType": "section"
        }
    ]
}