{
    "version": "0.4",
    "title": "Contact Us",
    "type": "page",
    "metadata": {
        "template_type": "single-page",
        "include_in_zip": "1",
        "elementor_pro_required": "1",
        "wp_page_template": "elementor_header_footer"
    },
    "content": [
        {
            "id": "4e62b6f2",
            "settings": {
                "content_width": {
                    "unit": "px",
                    "size": 1400,
                    "sizes": []
                },
                "height": "min-height",
                "custom_height": {
                    "unit": "px",
                    "size": 300,
                    "sizes": []
                },
                "padding": {
                    "unit": "px",
                    "top": "0",
                    "right": "80",
                    "bottom": "0",
                    "left": "80",
                    "isLinked": false
                },
                "background_background": "gradient",
                "background_overlay_background": "classic",
                "background_overlay_image": {
                    "url": "https:\/\/bimberonline.com\/adopt\/wp-content\/uploads\/sites\/73\/2020\/06\/image-section-29-min.png",
                    "id": 207
                },
                "background_overlay_position": "center center",
                "background_overlay_repeat": "no-repeat",
                "background_overlay_size": "cover",
                "shape_divider_bottom": "waves",
                "shape_divider_bottom_height": {
                    "unit": "px",
                    "size": 30,
                    "sizes": []
                },
                "shape_divider_bottom_negative": "yes",
                "animation": "none",
                "__globals__": {
                    "background_color": "globals\/colors?id=8803734",
                    "background_color_b": "globals\/colors?id=0657b85"
                },
                "padding_mobile": {
                    "unit": "px",
                    "top": "0",
                    "right": "20",
                    "bottom": "0",
                    "left": "20",
                    "isLinked": false
                }
            },
            "elements": [
                {
                    "id": "3598db9c",
                    "settings": {
                        "_column_size": 100,
                        "_inline_size": null
                    },
                    "elements": [
                        {
                            "id": "ddac063",
                            "settings": {
                                "image": {
                                    "url": "https:\/\/bimberonline.com\/adopt\/wp-content\/uploads\/sites\/73\/2020\/06\/image-section-08-min.png",
                                    "id": 113
                                },
                                "_element_width": "initial",
                                "_element_custom_width": {
                                    "unit": "px",
                                    "size": 280,
                                    "sizes": []
                                },
                                "_position": "absolute",
                                "_offset_x": {
                                    "size": 4,
                                    "unit": "px"
                                },
                                "_offset_y": {
                                    "size": 103,
                                    "unit": "px"
                                },
                                "_offset_x_mobile": {
                                    "size": 2,
                                    "unit": "px"
                                },
                                "_offset_y_mobile": {
                                    "size": 102,
                                    "unit": "px"
                                },
                                "_animation": "fadeInUp",
                                "animation_duration": "fast"
                            },
                            "elements": [],
                            "isInner": false,
                            "widgetType": "image",
                            "elType": "widget"
                        },
                        {
                            "id": "5140b7d4",
                            "settings": {
                                "title": "Contact Us",
                                "typography_typography": "custom",
                                "header_size": "h1",
                                "align": "center",
                                "title_color": "#FFFFFF",
                                "_z_index_mobile": 5,
                                "_animation": "fadeInUp",
                                "_z_index_tablet": 5
                            },
                            "elements": [],
                            "isInner": false,
                            "widgetType": "heading",
                            "elType": "widget"
                        },
                        {
                            "id": "2d7eeff7",
                            "settings": {
                                "image": {
                                    "url": "https:\/\/bimberonline.com\/adopt\/wp-content\/uploads\/sites\/73\/2020\/06\/image-section-06-min.png",
                                    "id": 111
                                },
                                "_element_width": "initial",
                                "_element_custom_width": {
                                    "unit": "px",
                                    "size": 140,
                                    "sizes": []
                                },
                                "_position": "absolute",
                                "_offset_orientation_h": "end",
                                "_animation": "rotateInDownLeft"
                            },
                            "elements": [],
                            "isInner": false,
                            "widgetType": "image",
                            "elType": "widget"
                        },
                        {
                            "id": "2125adbe",
                            "settings": {
                                "image": {
                                    "url": "https:\/\/bimberonline.com\/adopt\/wp-content\/uploads\/sites\/73\/2020\/06\/image-section-07-min.png",
                                    "id": 112
                                },
                                "_element_width": "initial",
                                "_element_custom_width": {
                                    "unit": "px",
                                    "size": 100,
                                    "sizes": []
                                },
                                "_position": "absolute",
                                "_offset_orientation_h": "end",
                                "_offset_x_end": {
                                    "size": 166.6,
                                    "unit": "px"
                                },
                                "_offset_y": {
                                    "size": -74,
                                    "unit": "px"
                                },
                                "_animation": "zoomInUp",
                                "animation_duration": "slow"
                            },
                            "elements": [],
                            "isInner": false,
                            "widgetType": "image",
                            "elType": "widget"
                        }
                    ],
                    "isInner": false,
                    "elType": "column"
                }
            ],
            "isInner": false,
            "elType": "section"
        },
        {
            "id": "2a9b9c6e",
            "settings": {
                "background_background": "classic",
                "padding": {
                    "unit": "px",
                    "top": "100",
                    "right": "0",
                    "bottom": "100",
                    "left": "0",
                    "isLinked": false
                },
                "padding_mobile": {
                    "unit": "px",
                    "top": "60",
                    "right": "0",
                    "bottom": "60",
                    "left": "0",
                    "isLinked": false
                },
                "padding_tablet": {
                    "unit": "px",
                    "top": "100",
                    "right": "0",
                    "bottom": "0",
                    "left": "0",
                    "isLinked": false
                },
                "content_width": {
                    "unit": "px",
                    "size": 1400,
                    "sizes": []
                }
            },
            "elements": [
                {
                    "id": "60d46195",
                    "settings": {
                        "_column_size": 100,
                        "_inline_size": null,
                        "padding_mobile": {
                            "unit": "px",
                            "top": "0",
                            "right": "0",
                            "bottom": "0",
                            "left": "0",
                            "isLinked": false
                        },
                        "padding_tablet": {
                            "unit": "px",
                            "top": "0",
                            "right": "0",
                            "bottom": "0",
                            "left": "0",
                            "isLinked": false
                        }
                    },
                    "elements": [
                        {
                            "id": "4180d236",
                            "settings": {
                                "content_width": {
                                    "unit": "px",
                                    "size": 800,
                                    "sizes": []
                                },
                                "margin": {
                                    "unit": "px",
                                    "top": "0",
                                    "right": 0,
                                    "bottom": "0",
                                    "left": 0,
                                    "isLinked": false
                                },
                                "padding_tablet": {
                                    "unit": "px",
                                    "top": "0",
                                    "right": "40",
                                    "bottom": "0",
                                    "left": "40",
                                    "isLinked": false
                                }
                            },
                            "elements": [
                                {
                                    "id": "7227a3c9",
                                    "settings": {
                                        "_column_size": 100,
                                        "_inline_size": null,
                                        "padding_mobile": {
                                            "unit": "px",
                                            "top": "0",
                                            "right": "0",
                                            "bottom": "0",
                                            "left": "0",
                                            "isLinked": false
                                        }
                                    },
                                    "elements": [
                                        {
                                            "id": "1315b48c",
                                            "settings": {
                                                "image": {
                                                    "url": "https:\/\/bimberonline.com\/adopt\/wp-content\/uploads\/sites\/73\/2020\/06\/image-icon-04-min-1.png",
                                                    "id": 122
                                                },
                                                "width": {
                                                    "unit": "%",
                                                    "size": 4,
                                                    "sizes": []
                                                },
                                                "width_mobile": {
                                                    "unit": "%",
                                                    "size": 15,
                                                    "sizes": []
                                                }
                                            },
                                            "elements": [],
                                            "isInner": false,
                                            "widgetType": "image",
                                            "elType": "widget"
                                        },
                                        {
                                            "id": "6161c1d",
                                            "settings": {
                                                "title": "With us, a dog stops\nsubsisting, and starts living!",
                                                "align": "center",
                                                "_padding_mobile": {
                                                    "unit": "px",
                                                    "top": "0",
                                                    "right": "20",
                                                    "bottom": "0",
                                                    "left": "20",
                                                    "isLinked": false
                                                },
                                                "_padding_tablet": {
                                                    "unit": "px",
                                                    "top": "0",
                                                    "right": "0",
                                                    "bottom": "0",
                                                    "left": "0",
                                                    "isLinked": false
                                                }
                                            },
                                            "elements": [],
                                            "isInner": false,
                                            "widgetType": "heading",
                                            "elType": "widget"
                                        },
                                        {
                                            "id": "33886c69",
                                            "settings": {
                                                "editor": "<p>Auctor neque vitae tempus quam pellentesque nec nam aliquam. Risus in hendrerit gravida rutrum.<\/p>",
                                                "align": "center",
                                                "_padding": {
                                                    "unit": "%",
                                                    "top": "",
                                                    "right": "",
                                                    "bottom": "",
                                                    "left": "",
                                                    "isLinked": true
                                                },
                                                "_padding_mobile": {
                                                    "unit": "px",
                                                    "top": "0",
                                                    "right": "0",
                                                    "bottom": "0",
                                                    "left": "0",
                                                    "isLinked": true
                                                },
                                                "_padding_tablet": {
                                                    "unit": "px",
                                                    "top": "0",
                                                    "right": "40",
                                                    "bottom": "0",
                                                    "left": "40",
                                                    "isLinked": false
                                                }
                                            },
                                            "elements": [],
                                            "isInner": false,
                                            "widgetType": "text-editor",
                                            "elType": "widget"
                                        }
                                    ],
                                    "isInner": true,
                                    "elType": "column"
                                }
                            ],
                            "isInner": true,
                            "elType": "section"
                        },
                        {
                            "id": "52832686",
                            "settings": {
                                "structure": "20",
                                "height_inner": "min-height",
                                "custom_height_inner": {
                                    "unit": "px",
                                    "size": 700,
                                    "sizes": []
                                },
                                "margin": {
                                    "unit": "px",
                                    "top": "30",
                                    "right": 0,
                                    "bottom": "0",
                                    "left": 0,
                                    "isLinked": false
                                }
                            },
                            "elements": [
                                {
                                    "id": "6e5dcb7c",
                                    "settings": {
                                        "_column_size": 50,
                                        "_inline_size": 50,
                                        "content_position": "center",
                                        "box_shadow_box_shadow": {
                                            "horizontal": 0,
                                            "vertical": 0,
                                            "blur": 30,
                                            "spread": 0,
                                            "color": "rgba(0, 0, 0, 0.15)"
                                        },
                                        "margin": {
                                            "unit": "%",
                                            "top": "",
                                            "right": "",
                                            "bottom": "",
                                            "left": "",
                                            "isLinked": true
                                        },
                                        "padding": {
                                            "unit": "%",
                                            "top": "",
                                            "right": "",
                                            "bottom": "",
                                            "left": "",
                                            "isLinked": true
                                        },
                                        "background_background": "classic",
                                        "background_image": {
                                            "url": "https:\/\/bimberonline.com\/adopt\/wp-content\/uploads\/sites\/73\/2020\/10\/image-section-50-min.png",
                                            "id": 678
                                        },
                                        "background_position": "center center",
                                        "background_repeat": "no-repeat",
                                        "background_size": "initial",
                                        "background_size_mobile": "initial",
                                        "background_bg_width_mobile": {
                                            "unit": "px",
                                            "size": 414,
                                            "sizes": []
                                        },
                                        "_inline_size_tablet": 65,
                                        "background_position_tablet": "initial",
                                        "background_xpos_tablet": {
                                            "unit": "px",
                                            "size": 19,
                                            "sizes": []
                                        },
                                        "background_ypos_tablet": {
                                            "unit": "px",
                                            "size": 69,
                                            "sizes": []
                                        },
                                        "background_size_tablet": "initial",
                                        "background_bg_width_tablet": {
                                            "unit": "px",
                                            "size": 460,
                                            "sizes": []
                                        },
                                        "background_position_mobile": "center center"
                                    },
                                    "elements": [
                                        {
                                            "id": "33460b52",
                                            "settings": {
                                                "image": {
                                                    "url": "https:\/\/bimberonline.com\/adopt\/wp-content\/uploads\/sites\/73\/2020\/06\/image-section-07-min.png",
                                                    "id": 112
                                                },
                                                "_element_width": "initial",
                                                "_element_custom_width": {
                                                    "unit": "px",
                                                    "size": 200,
                                                    "sizes": []
                                                },
                                                "_position": "absolute",
                                                "_offset_x": {
                                                    "size": -96,
                                                    "unit": "px"
                                                },
                                                "_offset_y": {
                                                    "size": -129,
                                                    "unit": "px"
                                                },
                                                "_offset_x_mobile": {
                                                    "size": 185,
                                                    "unit": "px"
                                                },
                                                "_offset_y_mobile": {
                                                    "size": -417,
                                                    "unit": "px"
                                                },
                                                "_element_width_mobile": "initial",
                                                "_element_custom_width_mobile": {
                                                    "unit": "px",
                                                    "size": 120,
                                                    "sizes": []
                                                }
                                            },
                                            "elements": [],
                                            "isInner": false,
                                            "widgetType": "image",
                                            "elType": "widget"
                                        },
                                        {
                                            "id": "35e2a1b4",
                                            "settings": {
                                                "image": {
                                                    "url": "https:\/\/bimberonline.com\/adopt\/wp-content\/uploads\/sites\/73\/2020\/06\/image-section-08-min.png",
                                                    "id": 113
                                                },
                                                "_element_width": "initial",
                                                "_element_custom_width": {
                                                    "unit": "px",
                                                    "size": 200,
                                                    "sizes": []
                                                },
                                                "_position": "absolute",
                                                "_offset_orientation_h": "end",
                                                "_offset_x_end": {
                                                    "size": -75,
                                                    "unit": "px"
                                                },
                                                "_offset_y": {
                                                    "size": 23,
                                                    "unit": "px"
                                                },
                                                "_offset_x_end_mobile": {
                                                    "size": 13.4,
                                                    "unit": "px"
                                                },
                                                "_offset_y_mobile": {
                                                    "size": -103,
                                                    "unit": "px"
                                                },
                                                "hide_mobile": "hidden-phone"
                                            },
                                            "elements": [],
                                            "isInner": false,
                                            "widgetType": "image",
                                            "elType": "widget"
                                        },
                                        {
                                            "id": "5e80b5a7",
                                            "settings": {
                                                "space_mobile": {
                                                    "unit": "px",
                                                    "size": 70,
                                                    "sizes": []
                                                },
                                                "hide_desktop": "hidden-desktop",
                                                "hide_tablet": "hidden-tablet"
                                            },
                                            "elements": [],
                                            "isInner": false,
                                            "widgetType": "spacer",
                                            "elType": "widget"
                                        },
                                        {
                                            "id": "608eb9aa",
                                            "settings": {
                                                "title": "Contact Person",
                                                "align": "center",
                                                "_padding": {
                                                    "unit": "px",
                                                    "top": "0",
                                                    "right": "0",
                                                    "bottom": "10",
                                                    "left": "0",
                                                    "isLinked": false
                                                },
                                                "header_size": "h4",
                                                "__globals__": {
                                                    "title_color": "globals\/colors?id=daf9735"
                                                },
                                                "_animation": "fadeInLeft",
                                                "align_mobile": "center",
                                                "_padding_mobile": {
                                                    "unit": "px",
                                                    "top": "0",
                                                    "right": "0",
                                                    "bottom": "0",
                                                    "left": "0",
                                                    "isLinked": false
                                                },
                                                "align_tablet": "center",
                                                "_margin_tablet": {
                                                    "unit": "px",
                                                    "top": "-70",
                                                    "right": "0",
                                                    "bottom": "0",
                                                    "left": "0",
                                                    "isLinked": false
                                                },
                                                "_margin_mobile": {
                                                    "unit": "px",
                                                    "top": "-40",
                                                    "right": "0",
                                                    "bottom": "0",
                                                    "left": "0",
                                                    "isLinked": false
                                                }
                                            },
                                            "elements": [],
                                            "isInner": false,
                                            "widgetType": "heading",
                                            "elType": "widget"
                                        },
                                        {
                                            "id": "4b49ab6",
                                            "settings": {
                                                "form_name": "New Form",
                                                "form_fields": [
                                                    {
                                                        "custom_id": "name",
                                                        "field_label": "Your Name",
                                                        "placeholder": "Your Name",
                                                        "_id": "63fff39"
                                                    },
                                                    {
                                                        "custom_id": "email",
                                                        "field_type": "email",
                                                        "required": "true",
                                                        "field_label": "Your Email",
                                                        "placeholder": "Your Email",
                                                        "_id": "a51ad89"
                                                    },
                                                    {
                                                        "custom_id": "message",
                                                        "field_type": "textarea",
                                                        "field_label": "Your Message",
                                                        "_id": "e2e4344"
                                                    }
                                                ],
                                                "input_size": "md",
                                                "show_labels": "",
                                                "button_align": "center",
                                                "step_next_label": "Next",
                                                "step_previous_label": "Previous",
                                                "button_text": "Send Message",
                                                "email_content": "[all-fields]",
                                                "email_content_2": "[all-fields]",
                                                "success_message": "The form was sent successfully.",
                                                "error_message": "An error occured.",
                                                "required_field_message": "This field is required.",
                                                "invalid_message": "There's something wrong. The form is invalid.",
                                                "label_typography_typography": "custom",
                                                "field_text_color": "#000000",
                                                "field_typography_typography": "custom",
                                                "field_typography_font_family": "Open Sans",
                                                "field_typography_font_size": {
                                                    "unit": "px",
                                                    "size": 14,
                                                    "sizes": []
                                                },
                                                "field_border_color": "rgba(2, 1, 1, 0.15)",
                                                "field_border_width": {
                                                    "unit": "px",
                                                    "top": "0",
                                                    "right": "0",
                                                    "bottom": "0",
                                                    "left": "0",
                                                    "isLinked": true
                                                },
                                                "field_border_radius": {
                                                    "unit": "px",
                                                    "top": "100",
                                                    "right": "100",
                                                    "bottom": "100",
                                                    "left": "100",
                                                    "isLinked": true
                                                },
                                                "button_background_color": "#FFC131",
                                                "button_background_hover_color": "#FFE433",
                                                "button_border_radius": {
                                                    "unit": "px",
                                                    "top": "100",
                                                    "right": "100",
                                                    "bottom": "100",
                                                    "left": "100",
                                                    "isLinked": true
                                                },
                                                "message_typography_typography": "custom",
                                                "message_typography_font_family": "Open Sans",
                                                "message_typography_font_size": {
                                                    "unit": "px",
                                                    "size": 14,
                                                    "sizes": []
                                                },
                                                "success_message_color": "#000000",
                                                "error_message_color": "#000000",
                                                "inline_message_color": "#000000",
                                                "_padding": {
                                                    "unit": "px",
                                                    "top": "0",
                                                    "right": "100",
                                                    "bottom": "0",
                                                    "left": "100",
                                                    "isLinked": false
                                                },
                                                "__globals__": {
                                                    "button_background_color": "globals\/colors?id=daf9735",
                                                    "button_background_hover_color": "globals\/colors?id=95b1126",
                                                    "button_hover_color": "globals\/colors?id=bccedde",
                                                    "button_text_color": "globals\/colors?id=bccedde"
                                                },
                                                "_animation": "fadeInLeft",
                                                "label_spacing": {
                                                    "unit": "px",
                                                    "size": "",
                                                    "sizes": []
                                                },
                                                "html_spacing": {
                                                    "unit": "px",
                                                    "size": "",
                                                    "sizes": []
                                                },
                                                "button_width_mobile": "100",
                                                "button_align_mobile": "stretch",
                                                "_margin_mobile": {
                                                    "unit": "px",
                                                    "top": "-25",
                                                    "right": "0",
                                                    "bottom": "0",
                                                    "left": "0",
                                                    "isLinked": false
                                                },
                                                "_padding_mobile": {
                                                    "unit": "px",
                                                    "top": "0",
                                                    "right": "20",
                                                    "bottom": "20",
                                                    "left": "20",
                                                    "isLinked": false
                                                },
                                                "_z_index_mobile": 8,
                                                "_padding_tablet": {
                                                    "unit": "px",
                                                    "top": "0",
                                                    "right": "100",
                                                    "bottom": "0",
                                                    "left": "100",
                                                    "isLinked": false
                                                },
                                                "_z_index_tablet": 5,
                                                "_margin_tablet": {
                                                    "unit": "px",
                                                    "top": "-25",
                                                    "right": "0",
                                                    "bottom": "0",
                                                    "left": "0",
                                                    "isLinked": false
                                                }
                                            },
                                            "elements": [],
                                            "isInner": false,
                                            "widgetType": "form",
                                            "elType": "widget"
                                        },
                                        {
                                            "id": "4303eb93",
                                            "settings": {
                                                "image": {
                                                    "url": "https:\/\/bimberonline.com\/adopt\/wp-content\/uploads\/sites\/73\/2020\/06\/image-section-07-min.png",
                                                    "id": 112
                                                },
                                                "_element_width": "initial",
                                                "_element_custom_width": {
                                                    "unit": "px",
                                                    "size": 150,
                                                    "sizes": []
                                                },
                                                "_position": "absolute",
                                                "_offset_orientation_h": "end",
                                                "_offset_orientation_v": "end",
                                                "_offset_x_end_tablet": {
                                                    "size": -42.825,
                                                    "unit": "px"
                                                },
                                                "_offset_y_end_tablet": {
                                                    "size": 123,
                                                    "unit": "px"
                                                },
                                                "_offset_x_end_mobile": {
                                                    "size": 295.6,
                                                    "unit": "px"
                                                },
                                                "_offset_y_end_mobile": {
                                                    "size": 275.4,
                                                    "unit": "px"
                                                },
                                                "_offset_x_end": {
                                                    "size": 23,
                                                    "unit": "px"
                                                },
                                                "_offset_y_end": {
                                                    "size": 101,
                                                    "unit": "px"
                                                }
                                            },
                                            "elements": [],
                                            "isInner": false,
                                            "widgetType": "image",
                                            "elType": "widget"
                                        }
                                    ],
                                    "isInner": true,
                                    "elType": "column"
                                },
                                {
                                    "id": "cef5e3f",
                                    "settings": {
                                        "_column_size": 50,
                                        "_inline_size": 50,
                                        "content_position": "center",
                                        "_inline_size_tablet": 35
                                    },
                                    "elements": [
                                        {
                                            "id": "2ddb8553",
                                            "settings": {
                                                "title": "Hey, do you want to be my friend?",
                                                "header_size": "h5",
                                                "align": "center",
                                                "_z_index": 5,
                                                "_element_width": "initial",
                                                "_element_custom_width": {
                                                    "unit": "px",
                                                    "size": 150,
                                                    "sizes": []
                                                },
                                                "_position": "absolute",
                                                "_offset_x": {
                                                    "size": 158,
                                                    "unit": "px"
                                                },
                                                "_offset_y": {
                                                    "size": 40,
                                                    "unit": "px"
                                                },
                                                "_offset_x_mobile": {
                                                    "size": 132,
                                                    "unit": "px"
                                                },
                                                "_offset_y_mobile": {
                                                    "size": 22,
                                                    "unit": "px"
                                                },
                                                "_offset_x_tablet": {
                                                    "size": 57,
                                                    "unit": "px"
                                                },
                                                "_offset_y_tablet": {
                                                    "size": 105,
                                                    "unit": "px"
                                                },
                                                "_offset_orientation_h": "end",
                                                "_offset_x_end": {
                                                    "size": 85.912,
                                                    "unit": "px"
                                                },
                                                "_offset_x_end_tablet": {
                                                    "size": 35.987,
                                                    "unit": "px"
                                                },
                                                "_offset_x_end_mobile": {
                                                    "size": 40.775,
                                                    "unit": "px"
                                                }
                                            },
                                            "elements": [],
                                            "isInner": false,
                                            "widgetType": "heading",
                                            "elType": "widget"
                                        },
                                        {
                                            "id": "1bce3c4e",
                                            "settings": {
                                                "image": {
                                                    "url": "https:\/\/bimberonline.com\/adopt\/wp-content\/uploads\/sites\/73\/2020\/06\/image-section-11-min.png",
                                                    "id": 144
                                                },
                                                "_element_width": "initial",
                                                "_element_custom_width": {
                                                    "unit": "px",
                                                    "size": 200,
                                                    "sizes": []
                                                },
                                                "_position": "absolute",
                                                "_offset_orientation_h": "end",
                                                "_animation": "jello",
                                                "_element_width_mobile": "initial",
                                                "_element_custom_width_mobile": {
                                                    "unit": "px",
                                                    "size": 190,
                                                    "sizes": []
                                                },
                                                "_offset_x_end_mobile": {
                                                    "size": 22.6,
                                                    "unit": "px"
                                                },
                                                "_offset_y_mobile": {
                                                    "size": -27,
                                                    "unit": "px"
                                                },
                                                "_element_width_tablet": "initial",
                                                "_element_custom_width_tablet": {
                                                    "unit": "px",
                                                    "size": 200,
                                                    "sizes": []
                                                },
                                                "_offset_x_end_tablet": {
                                                    "size": 12.837,
                                                    "unit": "px"
                                                },
                                                "_offset_y_tablet": {
                                                    "size": 72,
                                                    "unit": "px"
                                                },
                                                "_offset_x_end": {
                                                    "size": 65,
                                                    "unit": "px"
                                                },
                                                "_offset_y": {
                                                    "size": 5,
                                                    "unit": "px"
                                                }
                                            },
                                            "elements": [],
                                            "isInner": false,
                                            "widgetType": "image",
                                            "elType": "widget"
                                        },
                                        {
                                            "id": "26e2b4f2",
                                            "settings": {
                                                "image": {
                                                    "url": "https:\/\/bimberonline.com\/adopt\/wp-content\/uploads\/sites\/73\/2020\/06\/image-section-10-min.jpg",
                                                    "id": 142
                                                },
                                                "width": {
                                                    "unit": "%",
                                                    "size": 100,
                                                    "sizes": []
                                                },
                                                "space": {
                                                    "unit": "%",
                                                    "size": 100,
                                                    "sizes": []
                                                }
                                            },
                                            "elements": [],
                                            "isInner": false,
                                            "widgetType": "image",
                                            "elType": "widget"
                                        }
                                    ],
                                    "isInner": true,
                                    "elType": "column"
                                }
                            ],
                            "isInner": true,
                            "elType": "section"
                        }
                    ],
                    "isInner": false,
                    "elType": "column"
                }
            ],
            "isInner": false,
            "elType": "section"
        }
    ]
}