{
    "version": "0.4",
    "title": "Footer",
    "type": "footer",
    "metadata": {
        "template_type": "section-footer",
        "include_in_zip": "1",
        "elementor_pro_required": "1",
        "elementor_library_type": "footer",
        "elementor_pro_conditions": [
            "include\/general"
        ],
        "additional_template_information": [
            "This is a \"Footer\" template for Elementor Pro.",
            "This template will display on: Entire Site."
        ],
        "wp_page_template": "default"
    },
    "content": [
        {
            "id": "4807d6dd",
            "settings": {
                "background_position": "center center",
                "background_repeat": "no-repeat",
                "background_size": "cover",
                "background_overlay_background": "classic",
                "background_overlay_opacity": {
                    "unit": "px",
                    "size": 0.95,
                    "sizes": []
                },
                "padding": {
                    "unit": "px",
                    "top": "100",
                    "right": "80",
                    "bottom": "0",
                    "left": "80",
                    "isLinked": false
                },
                "content_width": {
                    "unit": "px",
                    "size": 1400,
                    "sizes": []
                },
                "padding_tablet": {
                    "unit": "px",
                    "top": "100",
                    "right": "30",
                    "bottom": "0",
                    "left": "30",
                    "isLinked": false
                },
                "padding_mobile": {
                    "unit": "px",
                    "top": "60",
                    "right": "20",
                    "bottom": "0",
                    "left": "20",
                    "isLinked": false
                }
            },
            "elements": [
                {
                    "id": "21adbccd",
                    "settings": {
                        "_column_size": 100,
                        "_inline_size": null
                    },
                    "elements": [
                        {
                            "id": "61f74f35",
                            "settings": {
                                "structure": "40",
                                "margin": {
                                    "unit": "px",
                                    "top": "0",
                                    "right": 0,
                                    "bottom": "60",
                                    "left": 0,
                                    "isLinked": false
                                },
                                "layout": "full_width"
                            },
                            "elements": [
                                {
                                    "id": "4b9ba5d8",
                                    "settings": {
                                        "_column_size": 25,
                                        "_inline_size": 36.701,
                                        "_inline_size_tablet": 50,
                                        "padding": {
                                            "unit": "%",
                                            "top": "0",
                                            "right": "10",
                                            "bottom": "0",
                                            "left": "0",
                                            "isLinked": false
                                        },
                                        "padding_mobile": {
                                            "unit": "px",
                                            "top": "10",
                                            "right": "10",
                                            "bottom": "10",
                                            "left": "10",
                                            "isLinked": true
                                        }
                                    },
                                    "elements": [
                                        {
                                            "id": "1824f2e5",
                                            "settings": {
                                                "image": {
                                                    "url": "https:\/\/bimberonline.com\/adopt\/wp-content\/uploads\/sites\/73\/2020\/06\/logo-adopt-01-min.png",
                                                    "id": 173
                                                },
                                                "align": "left",
                                                "width": {
                                                    "unit": "%",
                                                    "size": 30,
                                                    "sizes": []
                                                }
                                            },
                                            "elements": [],
                                            "isInner": false,
                                            "widgetType": "image",
                                            "elType": "widget"
                                        },
                                        {
                                            "id": "7f09beef",
                                            "settings": {
                                                "editor": "<p>Help the life of our little paw friends. Contribute with a donation or help to adopt a pet.<\/p>",
                                                "align": "left",
                                                "_padding": {
                                                    "unit": "%",
                                                    "top": "",
                                                    "right": "",
                                                    "bottom": "",
                                                    "left": "",
                                                    "isLinked": true
                                                },
                                                "typography_typography": "custom",
                                                "typography_font_size_mobile": {
                                                    "unit": "px",
                                                    "size": 14,
                                                    "sizes": []
                                                }
                                            },
                                            "elements": [],
                                            "isInner": false,
                                            "widgetType": "text-editor",
                                            "elType": "widget"
                                        }
                                    ],
                                    "isInner": true,
                                    "elType": "column"
                                },
                                {
                                    "id": "56df9cc5",
                                    "settings": {
                                        "_column_size": 25,
                                        "_inline_size": 15.941,
                                        "_inline_size_tablet": 50
                                    },
                                    "elements": [
                                        {
                                            "id": "7d354013",
                                            "settings": {
                                                "title": "Donate",
                                                "header_size": "h5",
                                                "__globals__": {
                                                    "title_color": "globals\/colors?id=8803734"
                                                },
                                                "_margin": {
                                                    "unit": "px",
                                                    "top": "0",
                                                    "right": "0",
                                                    "bottom": "20",
                                                    "left": "0",
                                                    "isLinked": false
                                                }
                                            },
                                            "elements": [],
                                            "isInner": false,
                                            "widgetType": "heading",
                                            "elType": "widget"
                                        },
                                        {
                                            "id": "57a80bc8",
                                            "settings": {
                                                "icon_list": [
                                                    {
                                                        "text": "Paypal",
                                                        "selected_icon": {
                                                            "value": "fas fa-chevron-circle-right",
                                                            "library": "fa-solid"
                                                        },
                                                        "_id": "2df53cd",
                                                        "link": {
                                                            "url": "#",
                                                            "is_external": "",
                                                            "nofollow": "",
                                                            "custom_attributes": ""
                                                        }
                                                    },
                                                    {
                                                        "text": "Bitcoin",
                                                        "selected_icon": {
                                                            "value": "fas fa-chevron-circle-right",
                                                            "library": "fa-solid"
                                                        },
                                                        "_id": "6f32f18",
                                                        "link": {
                                                            "url": "#",
                                                            "is_external": "",
                                                            "nofollow": "",
                                                            "custom_attributes": ""
                                                        }
                                                    },
                                                    {
                                                        "text": "Apple Pay",
                                                        "selected_icon": {
                                                            "value": "fas fa-chevron-circle-right",
                                                            "library": "fa-solid"
                                                        },
                                                        "_id": "7961116",
                                                        "link": {
                                                            "url": "#",
                                                            "is_external": "",
                                                            "nofollow": "",
                                                            "custom_attributes": ""
                                                        }
                                                    },
                                                    {
                                                        "text": "Google Pay",
                                                        "selected_icon": {
                                                            "value": "fas fa-chevron-circle-right",
                                                            "library": "fa-solid"
                                                        },
                                                        "_id": "4df2341",
                                                        "link": {
                                                            "url": "#",
                                                            "is_external": "",
                                                            "nofollow": "",
                                                            "custom_attributes": ""
                                                        }
                                                    }
                                                ],
                                                "space_between": {
                                                    "unit": "px",
                                                    "size": 20,
                                                    "sizes": []
                                                },
                                                "text_indent": {
                                                    "unit": "px",
                                                    "size": 5,
                                                    "sizes": []
                                                },
                                                "__globals__": {
                                                    "icon_color": "globals\/colors?id=8803734"
                                                },
                                                "icon_typography_typography": "custom",
                                                "icon_typography_font_size_mobile": {
                                                    "unit": "px",
                                                    "size": 14,
                                                    "sizes": []
                                                }
                                            },
                                            "elements": [],
                                            "isInner": false,
                                            "widgetType": "icon-list",
                                            "elType": "widget"
                                        }
                                    ],
                                    "isInner": true,
                                    "elType": "column"
                                },
                                {
                                    "id": "11a1eac7",
                                    "settings": {
                                        "_column_size": 25,
                                        "_inline_size": 28.322,
                                        "_inline_size_tablet": 50,
                                        "margin_tablet": {
                                            "unit": "px",
                                            "top": "40",
                                            "right": "0",
                                            "bottom": "0",
                                            "left": "0",
                                            "isLinked": false
                                        }
                                    },
                                    "elements": [
                                        {
                                            "id": "7f958d70",
                                            "settings": {
                                                "title": "Contact Us",
                                                "header_size": "h5",
                                                "__globals__": {
                                                    "title_color": "globals\/colors?id=8803734"
                                                },
                                                "_margin": {
                                                    "unit": "px",
                                                    "top": "0",
                                                    "right": "0",
                                                    "bottom": "20",
                                                    "left": "0",
                                                    "isLinked": false
                                                }
                                            },
                                            "elements": [],
                                            "isInner": false,
                                            "widgetType": "heading",
                                            "elType": "widget"
                                        },
                                        {
                                            "id": "46d14b0e",
                                            "settings": {
                                                "icon_list": [
                                                    {
                                                        "text": "<b>Address<\/b>: 39844 Boulevard Town - USA",
                                                        "selected_icon": {
                                                            "value": "fas fa-map-marker-alt",
                                                            "library": "fa-solid"
                                                        },
                                                        "_id": "2df53cd"
                                                    },
                                                    {
                                                        "text": "<b>Phone<\/b>: +1-202-555-0121",
                                                        "selected_icon": {
                                                            "value": "fas fa-phone-alt",
                                                            "library": "fa-solid"
                                                        },
                                                        "_id": "6f32f18"
                                                    },
                                                    {
                                                        "text": "<b>Email<\/b>: email@company.domain",
                                                        "selected_icon": {
                                                            "value": "far fa-envelope",
                                                            "library": "fa-regular"
                                                        },
                                                        "_id": "7961116"
                                                    }
                                                ],
                                                "space_between": {
                                                    "unit": "px",
                                                    "size": 20,
                                                    "sizes": []
                                                },
                                                "text_indent": {
                                                    "unit": "px",
                                                    "size": 5,
                                                    "sizes": []
                                                },
                                                "__globals__": {
                                                    "icon_color": "globals\/colors?id=8803734"
                                                },
                                                "icon_typography_typography": "custom",
                                                "icon_typography_font_size_mobile": {
                                                    "unit": "px",
                                                    "size": 14,
                                                    "sizes": []
                                                }
                                            },
                                            "elements": [],
                                            "isInner": false,
                                            "widgetType": "icon-list",
                                            "elType": "widget"
                                        }
                                    ],
                                    "isInner": true,
                                    "elType": "column"
                                },
                                {
                                    "id": "66d716f7",
                                    "settings": {
                                        "_column_size": 25,
                                        "_inline_size": 18.82,
                                        "_inline_size_tablet": 50,
                                        "margin_tablet": {
                                            "unit": "px",
                                            "top": "40",
                                            "right": "0",
                                            "bottom": "0",
                                            "left": "0",
                                            "isLinked": false
                                        }
                                    },
                                    "elements": [
                                        {
                                            "id": "4bdbb724",
                                            "settings": {
                                                "title": "Working Hours",
                                                "header_size": "h5",
                                                "__globals__": {
                                                    "title_color": "globals\/colors?id=8803734"
                                                },
                                                "_margin": {
                                                    "unit": "px",
                                                    "top": "0",
                                                    "right": "0",
                                                    "bottom": "20",
                                                    "left": "0",
                                                    "isLinked": false
                                                }
                                            },
                                            "elements": [],
                                            "isInner": false,
                                            "widgetType": "heading",
                                            "elType": "widget"
                                        },
                                        {
                                            "id": "14a1a5b8",
                                            "settings": {
                                                "icon_list": [
                                                    {
                                                        "text": "Monday Friday",
                                                        "selected_icon": {
                                                            "value": "far fa-clock",
                                                            "library": "fa-regular"
                                                        },
                                                        "_id": "2df53cd"
                                                    },
                                                    {
                                                        "text": "08:40 from 17:00pm",
                                                        "selected_icon": {
                                                            "value": "far fa-clock",
                                                            "library": "fa-regular"
                                                        },
                                                        "_id": "22f9c05"
                                                    },
                                                    {
                                                        "text": "Holidays: Closed",
                                                        "selected_icon": {
                                                            "value": "far fa-clock",
                                                            "library": "fa-regular"
                                                        },
                                                        "_id": "10ece0a"
                                                    }
                                                ],
                                                "space_between": {
                                                    "unit": "px",
                                                    "size": 20,
                                                    "sizes": []
                                                },
                                                "text_indent": {
                                                    "unit": "px",
                                                    "size": 5,
                                                    "sizes": []
                                                },
                                                "__globals__": {
                                                    "icon_color": "globals\/colors?id=8803734"
                                                },
                                                "icon_typography_typography": "custom",
                                                "icon_typography_font_size_mobile": {
                                                    "unit": "px",
                                                    "size": 14,
                                                    "sizes": []
                                                }
                                            },
                                            "elements": [],
                                            "isInner": false,
                                            "widgetType": "icon-list",
                                            "elType": "widget"
                                        }
                                    ],
                                    "isInner": true,
                                    "elType": "column"
                                }
                            ],
                            "isInner": true,
                            "elType": "section"
                        },
                        {
                            "id": "3708f09b",
                            "settings": {
                                "border_border": "solid",
                                "border_width": {
                                    "unit": "px",
                                    "top": "2",
                                    "right": "0",
                                    "bottom": "0",
                                    "left": "0",
                                    "isLinked": false
                                },
                                "border_color": "rgba(206, 206, 206, 0.45)",
                                "border_radius": {
                                    "unit": "px",
                                    "top": "0",
                                    "right": "0",
                                    "bottom": "0",
                                    "left": "0",
                                    "isLinked": false
                                },
                                "padding": {
                                    "unit": "px",
                                    "top": "20",
                                    "right": "0",
                                    "bottom": "0",
                                    "left": "0",
                                    "isLinked": false
                                },
                                "content_width": {
                                    "unit": "px",
                                    "size": 1440,
                                    "sizes": []
                                },
                                "margin": {
                                    "unit": "px",
                                    "top": "",
                                    "right": 0,
                                    "bottom": "",
                                    "left": 0,
                                    "isLinked": true
                                }
                            },
                            "elements": [
                                {
                                    "id": "1638aa25",
                                    "settings": {
                                        "_column_size": 100,
                                        "_inline_size": null,
                                        "content_position": "center"
                                    },
                                    "elements": [
                                        {
                                            "id": "44d2486d",
                                            "settings": {
                                                "editor": "<p>\u00a9Adopt Template Kit - Powered by Bimber Online<\/p>",
                                                "align": "center",
                                                "typography_typography": "custom",
                                                "typography_font_size": {
                                                    "unit": "px",
                                                    "size": 14,
                                                    "sizes": []
                                                }
                                            },
                                            "elements": [],
                                            "isInner": false,
                                            "widgetType": "text-editor",
                                            "elType": "widget"
                                        }
                                    ],
                                    "isInner": true,
                                    "elType": "column"
                                }
                            ],
                            "isInner": true,
                            "elType": "section"
                        }
                    ],
                    "isInner": false,
                    "elType": "column"
                }
            ],
            "isInner": false,
            "elType": "section"
        }
    ]
}