{
    "version": "0.4",
    "title": "Header",
    "type": "header",
    "metadata": {
        "template_type": "section-header",
        "include_in_zip": "1",
        "elementor_pro_required": "1",
        "elementor_library_type": "header",
        "elementor_pro_conditions": [
            "include\/general"
        ],
        "additional_template_information": [
            "This is a \"Header\" template for Elementor Pro.",
            "This template will display on: Entire Site."
        ],
        "wp_page_template": "default"
    },
    "content": [
        {
            "id": "759fcd19",
            "settings": {
                "custom_height": {
                    "unit": "px",
                    "size": ""
                },
                "content_position": "middle",
                "structure": "20",
                "background_background": "classic",
                "padding_tablet": {
                    "unit": "px",
                    "top": "10",
                    "right": "20",
                    "bottom": "10",
                    "left": "20",
                    "isLinked": false
                },
                "padding_mobile": {
                    "unit": "px",
                    "top": "0",
                    "right": "20",
                    "bottom": "0",
                    "left": "20",
                    "isLinked": false
                },
                "_timestamp_": "v1dTZmaHRLbWZ6RXlqUlU2RVBPNnkxdz09",
                "padding": {
                    "unit": "px",
                    "top": "0",
                    "right": "80",
                    "bottom": "0",
                    "left": "80",
                    "isLinked": false
                },
                "__globals__": {
                    "background_color": "globals\/colors?id=8803734"
                },
                "content_width": {
                    "unit": "px",
                    "size": 1400,
                    "sizes": []
                }
            },
            "elements": [
                {
                    "id": "681ca509",
                    "settings": {
                        "_column_size": 50,
                        "_inline_size": 60,
                        "_inline_size_tablet": 100
                    },
                    "elements": [
                        {
                            "id": "7cd0545e",
                            "settings": {
                                "view": "inline",
                                "icon_list": [
                                    {
                                        "text": "Phone: +1-202-555-0121",
                                        "icon": "fa fa-phone",
                                        "_id": "7a7a069",
                                        "selected_icon": {
                                            "value": "fas fa-phone",
                                            "library": "fa-solid"
                                        },
                                        "__fa4_migrated": {
                                            "selected_icon": true
                                        }
                                    },
                                    {
                                        "text": " email@company.domain",
                                        "icon": "fa fa-envelope-o",
                                        "_id": "9c91fc4",
                                        "selected_icon": {
                                            "value": "far fa-envelope",
                                            "library": "fa-regular"
                                        },
                                        "__fa4_migrated": {
                                            "selected_icon": true
                                        }
                                    },
                                    {
                                        "text": "Mon - Fri: 10:00 - 17:30",
                                        "icon": "fa fa-clock-o",
                                        "_id": "fb1feea",
                                        "selected_icon": {
                                            "value": "far fa-clock",
                                            "library": "fa-regular"
                                        },
                                        "__fa4_migrated": {
                                            "selected_icon": true
                                        }
                                    }
                                ],
                                "space_between": {
                                    "unit": "px",
                                    "size": 30
                                },
                                "text_color": "#ffffff",
                                "text_indent": {
                                    "unit": "px",
                                    "size": 10
                                },
                                "icon_typography_typography": "custom",
                                "icon_typography_font_size": {
                                    "unit": "px",
                                    "size": 14
                                },
                                "space_between_mobile": {
                                    "unit": "px",
                                    "size": 20
                                },
                                "icon_align_mobile": "center",
                                "icon_typography_line_height_mobile": {
                                    "unit": "em",
                                    "size": 1.9
                                },
                                "hide_mobile": "hidden-phone",
                                "icon_align_tablet": "center",
                                "__globals__": {
                                    "icon_color": "globals\/colors?id=daf9735"
                                }
                            },
                            "elements": [],
                            "isInner": false,
                            "widgetType": "icon-list",
                            "elType": "widget"
                        }
                    ],
                    "isInner": false,
                    "elType": "column"
                },
                {
                    "id": "1d046da2",
                    "settings": {
                        "_column_size": 50,
                        "_inline_size": 40.019,
                        "_inline_size_tablet": 30,
                        "margin_mobile": {
                            "unit": "px",
                            "top": "0",
                            "right": "0",
                            "bottom": "0",
                            "left": "0",
                            "isLinked": false
                        },
                        "hide_tablet": "hidden-tablet"
                    },
                    "elements": [
                        {
                            "id": "6ac34a60",
                            "settings": {
                                "social_icon_list": [
                                    {
                                        "social": "fa fa-facebook",
                                        "_id": "5646027",
                                        "social_icon": {
                                            "value": "fab fa-facebook-f",
                                            "library": "fa-brands"
                                        },
                                        "__fa4_migrated": {
                                            "social_icon": true
                                        }
                                    },
                                    {
                                        "social": "fa fa-twitter",
                                        "_id": "72bc942",
                                        "social_icon": {
                                            "value": "fab fa-twitter",
                                            "library": "fa-brands"
                                        },
                                        "__fa4_migrated": {
                                            "social_icon": true
                                        }
                                    },
                                    {
                                        "social": "fa fa-google-plus",
                                        "_id": "96bd910",
                                        "social_icon": {
                                            "value": "fab fa-google-plus-g",
                                            "library": "fa-brands"
                                        },
                                        "__fa4_migrated": {
                                            "social_icon": true
                                        }
                                    },
                                    {
                                        "social": "fa fa-instagram",
                                        "_id": "7c2bcc0",
                                        "social_icon": {
                                            "value": "fab fa-instagram",
                                            "library": "fa-brands"
                                        },
                                        "__fa4_migrated": {
                                            "social_icon": true
                                        }
                                    },
                                    {
                                        "social": "fa fa-youtube",
                                        "_id": "4b27cd1",
                                        "social_icon": {
                                            "value": "fab fa-youtube",
                                            "library": "fa-brands"
                                        },
                                        "__fa4_migrated": {
                                            "social_icon": true
                                        }
                                    }
                                ],
                                "align": "right",
                                "icon_color": "custom",
                                "icon_primary_color": "rgba(0, 0, 0, 0)",
                                "icon_secondary_color": "#ffffff",
                                "icon_size": {
                                    "unit": "px",
                                    "size": 13
                                },
                                "shape": "square",
                                "icon_padding": {
                                    "unit": "em",
                                    "size": 1.1
                                },
                                "icon_spacing": {
                                    "unit": "px",
                                    "size": 0
                                },
                                "align_mobile": "center",
                                "icon_padding_tablet": {
                                    "unit": "em",
                                    "size": 0.9
                                },
                                "__globals__": {
                                    "hover_primary_color": "globals\/colors?id=daf9735"
                                }
                            },
                            "elements": [],
                            "isInner": false,
                            "widgetType": "social-icons",
                            "elType": "widget"
                        }
                    ],
                    "isInner": false,
                    "elType": "column"
                }
            ],
            "isInner": false,
            "elType": "section"
        },
        {
            "id": "27a7e98e",
            "settings": {
                "custom_height": {
                    "unit": "px",
                    "size": 130
                },
                "content_position": "middle",
                "structure": "20",
                "box_shadow_box_shadow": {
                    "horizontal": 0,
                    "vertical": 0,
                    "blur": 38,
                    "spread": 0,
                    "color": "rgba(0,0,0,0.1)"
                },
                "border_width": {
                    "unit": "px",
                    "top": "0",
                    "right": "0",
                    "bottom": "1",
                    "left": "0",
                    "isLinked": false
                },
                "border_color": "#d8d8d8",
                "padding_tablet": {
                    "unit": "%",
                    "top": "4",
                    "right": "4",
                    "bottom": "4",
                    "left": "4",
                    "isLinked": false
                },
                "padding_mobile": {
                    "unit": "px",
                    "top": "30",
                    "right": "20",
                    "bottom": "30",
                    "left": "20",
                    "isLinked": false
                },
                "_timestamp_": "v1dTZmaHRLbWZ6RXlqUlU2RVBPNnkxdz09",
                "padding": {
                    "unit": "px",
                    "top": "10",
                    "right": "80",
                    "bottom": "10",
                    "left": "80",
                    "isLinked": false
                },
                "background_background": "classic",
                "__globals__": {
                    "background_color": ""
                },
                "content_width": {
                    "unit": "px",
                    "size": 1400,
                    "sizes": []
                }
            },
            "elements": [
                {
                    "id": "3593b36f",
                    "settings": {
                        "_column_size": 50,
                        "_inline_size": 19.964,
                        "_inline_size_mobile": 70,
                        "_inline_size_tablet": 30
                    },
                    "elements": [
                        {
                            "id": "33a84b9b",
                            "settings": {
                                "image": {
                                    "url": "https:\/\/bimberonline.com\/adopt\/wp-content\/uploads\/sites\/73\/2020\/06\/logo-adopt-01-min.png",
                                    "id": 173
                                },
                                "align": "left",
                                "width": {
                                    "unit": "%",
                                    "size": 60,
                                    "sizes": []
                                },
                                "space": {
                                    "unit": "%",
                                    "size": 60,
                                    "sizes": []
                                }
                            },
                            "elements": [],
                            "isInner": false,
                            "widgetType": "image",
                            "elType": "widget"
                        }
                    ],
                    "isInner": false,
                    "elType": "column"
                },
                {
                    "id": "6a6d4950",
                    "settings": {
                        "_column_size": 50,
                        "_inline_size": 80.022,
                        "_inline_size_mobile": 30,
                        "_inline_size_tablet": 70,
                        "padding": {
                            "unit": "%",
                            "top": "",
                            "right": "",
                            "bottom": "",
                            "left": "",
                            "isLinked": true
                        }
                    },
                    "elements": [
                        {
                            "id": "63658857",
                            "settings": {
                                "align_items": "right",
                                "pointer_color_menu_item_hover": "#FF4881",
                                "menu_typography_typography": "custom",
                                "menu_typography_font_size": {
                                    "unit": "px",
                                    "size": 18
                                },
                                "pointer_width": {
                                    "unit": "px",
                                    "size": 3
                                },
                                "padding_vertical_menu_item": {
                                    "unit": "px",
                                    "size": 14
                                },
                                "toggle_align": "right",
                                "full_width": "stretch",
                                "dropdown_top_distance_mobile": {
                                    "unit": "px",
                                    "size": 44
                                },
                                "toggle_background_color": "rgba(0,0,0,0)",
                                "pointer": "text",
                                "animation_text": "float",
                                "menu_typography_font_family": "Oswald",
                                "color_dropdown_item": "#000000",
                                "dropdown_typography_typography": "custom",
                                "dropdown_typography_font_size": {
                                    "unit": "px",
                                    "size": 14,
                                    "sizes": []
                                },
                                "dropdown_typography_font_size_tablet": {
                                    "unit": "px",
                                    "size": 18,
                                    "sizes": []
                                },
                                "padding_horizontal_dropdown_item": {
                                    "unit": "px",
                                    "size": 10,
                                    "sizes": []
                                },
                                "padding_horizontal_dropdown_item_tablet": {
                                    "unit": "px",
                                    "size": 40,
                                    "sizes": []
                                },
                                "padding_vertical_dropdown_item_tablet": {
                                    "unit": "px",
                                    "size": 25,
                                    "sizes": []
                                },
                                "dropdown_top_distance_tablet": {
                                    "unit": "px",
                                    "size": 30,
                                    "sizes": []
                                },
                                "toggle_size": {
                                    "unit": "px",
                                    "size": 36,
                                    "sizes": []
                                },
                                "_z_index": 10,
                                "__globals__": {
                                    "background_color_dropdown_item": "globals\/colors?id=daf9735",
                                    "background_color_dropdown_item_hover": "",
                                    "color_dropdown_item_hover": "globals\/colors?id=8803734",
                                    "toggle_color": "globals\/colors?id=8803734",
                                    "toggle_color_hover": "globals\/colors?id=0657b85",
                                    "color_dropdown_item": "globals\/colors?id=bccedde"
                                },
                                "background_color_dropdown_item": "#FFC131",
                                "background_color_dropdown_item_hover": "#FFFFFF",
                                "toggle_color": "#4D0AA4",
                                "toggle_color_hover": "#885CCB"
                            },
                            "elements": [],
                            "isInner": false,
                            "widgetType": "nav-menu",
                            "elType": "widget"
                        }
                    ],
                    "isInner": false,
                    "elType": "column"
                }
            ],
            "isInner": false,
            "elType": "section"
        }
    ]
}