{
    "version": "0.4",
    "title": "Love Stories",
    "type": "page",
    "metadata": {
        "template_type": "single-page",
        "include_in_zip": "1",
        "elementor_pro_required": "1",
        "wp_page_template": "elementor_header_footer"
    },
    "content": [
        {
            "id": "3590d25b",
            "settings": {
                "content_width": {
                    "unit": "px",
                    "size": 1400,
                    "sizes": []
                },
                "height": "min-height",
                "custom_height": {
                    "unit": "px",
                    "size": 300,
                    "sizes": []
                },
                "padding": {
                    "unit": "px",
                    "top": "0",
                    "right": "80",
                    "bottom": "0",
                    "left": "80",
                    "isLinked": false
                },
                "background_background": "gradient",
                "background_overlay_background": "classic",
                "background_overlay_image": {
                    "url": "https:\/\/bimberonline.com\/adopt\/wp-content\/uploads\/sites\/73\/2020\/06\/image-section-29-min.png",
                    "id": 207
                },
                "background_overlay_position": "center center",
                "background_overlay_repeat": "no-repeat",
                "background_overlay_size": "cover",
                "shape_divider_bottom": "waves",
                "shape_divider_bottom_height": {
                    "unit": "px",
                    "size": 30,
                    "sizes": []
                },
                "shape_divider_bottom_negative": "yes",
                "animation": "none",
                "__globals__": {
                    "background_color": "globals\/colors?id=8803734",
                    "background_color_b": "globals\/colors?id=0657b85"
                },
                "padding_mobile": {
                    "unit": "px",
                    "top": "0",
                    "right": "20",
                    "bottom": "0",
                    "left": "20",
                    "isLinked": false
                }
            },
            "elements": [
                {
                    "id": "d2f0626",
                    "settings": {
                        "_column_size": 100,
                        "_inline_size": null
                    },
                    "elements": [
                        {
                            "id": "2830362b",
                            "settings": {
                                "image": {
                                    "url": "https:\/\/bimberonline.com\/adopt\/wp-content\/uploads\/sites\/73\/2020\/06\/image-section-08-min.png",
                                    "id": 113
                                },
                                "_element_width": "initial",
                                "_element_custom_width": {
                                    "unit": "px",
                                    "size": 280,
                                    "sizes": []
                                },
                                "_position": "absolute",
                                "_offset_x": {
                                    "size": 4,
                                    "unit": "px"
                                },
                                "_offset_y": {
                                    "size": 103,
                                    "unit": "px"
                                },
                                "_offset_x_mobile": {
                                    "size": 2,
                                    "unit": "px"
                                },
                                "_offset_y_mobile": {
                                    "size": 102,
                                    "unit": "px"
                                },
                                "_animation": "fadeInUp",
                                "animation_duration": "fast"
                            },
                            "elements": [],
                            "isInner": false,
                            "widgetType": "image",
                            "elType": "widget"
                        },
                        {
                            "id": "5700aea",
                            "settings": {
                                "title": "Love Stories",
                                "typography_typography": "custom",
                                "header_size": "h1",
                                "align": "center",
                                "title_color": "#FFFFFF",
                                "_z_index_mobile": 5,
                                "_animation": "fadeInUp"
                            },
                            "elements": [],
                            "isInner": false,
                            "widgetType": "heading",
                            "elType": "widget"
                        },
                        {
                            "id": "599c11b4",
                            "settings": {
                                "image": {
                                    "url": "https:\/\/bimberonline.com\/adopt\/wp-content\/uploads\/sites\/73\/2020\/06\/image-section-06-min.png",
                                    "id": 111
                                },
                                "_element_width": "initial",
                                "_element_custom_width": {
                                    "unit": "px",
                                    "size": 140,
                                    "sizes": []
                                },
                                "_position": "absolute",
                                "_offset_orientation_h": "end",
                                "_animation": "rotateInDownLeft"
                            },
                            "elements": [],
                            "isInner": false,
                            "widgetType": "image",
                            "elType": "widget"
                        },
                        {
                            "id": "4505c389",
                            "settings": {
                                "image": {
                                    "url": "https:\/\/bimberonline.com\/adopt\/wp-content\/uploads\/sites\/73\/2020\/06\/image-section-07-min.png",
                                    "id": 112
                                },
                                "_element_width": "initial",
                                "_element_custom_width": {
                                    "unit": "px",
                                    "size": 100,
                                    "sizes": []
                                },
                                "_position": "absolute",
                                "_offset_orientation_h": "end",
                                "_offset_x_end": {
                                    "size": 166.6,
                                    "unit": "px"
                                },
                                "_offset_y": {
                                    "size": -74,
                                    "unit": "px"
                                },
                                "_animation": "zoomInUp",
                                "animation_duration": "slow"
                            },
                            "elements": [],
                            "isInner": false,
                            "widgetType": "image",
                            "elType": "widget"
                        }
                    ],
                    "isInner": false,
                    "elType": "column"
                }
            ],
            "isInner": false,
            "elType": "section"
        },
        {
            "id": "7a382657",
            "settings": {
                "structure": "20",
                "background_position": "center center",
                "background_repeat": "no-repeat",
                "background_size": "cover",
                "background_overlay_background": "classic",
                "background_overlay_image": {
                    "url": "https:\/\/bimberonline.com\/adopt\/wp-content\/uploads\/sites\/73\/2020\/06\/image-section-19-min.png",
                    "id": 190
                },
                "background_overlay_position": "center center",
                "background_overlay_repeat": "no-repeat",
                "background_overlay_size": "cover",
                "background_overlay_opacity": {
                    "unit": "px",
                    "size": 0.3,
                    "sizes": []
                },
                "padding": {
                    "unit": "px",
                    "top": "100",
                    "right": "80",
                    "bottom": "100",
                    "left": "80",
                    "isLinked": false
                },
                "padding_tablet": {
                    "unit": "px",
                    "top": "100",
                    "right": "30",
                    "bottom": "100",
                    "left": "30",
                    "isLinked": false
                },
                "margin_mobile": {
                    "unit": "px",
                    "top": "",
                    "right": 0,
                    "bottom": "",
                    "left": 0,
                    "isLinked": true
                },
                "padding_mobile": {
                    "unit": "px",
                    "top": "60",
                    "right": "20",
                    "bottom": "60",
                    "left": "20",
                    "isLinked": false
                },
                "reverse_order_mobile": "reverse-mobile",
                "content_width": {
                    "unit": "px",
                    "size": 1200,
                    "sizes": []
                }
            },
            "elements": [
                {
                    "id": "26b085d7",
                    "settings": {
                        "_column_size": 50,
                        "_inline_size": 50,
                        "_inline_size_tablet": 40,
                        "content_position_tablet": "center",
                        "padding": {
                            "unit": "px",
                            "top": "0",
                            "right": "0",
                            "bottom": "0",
                            "left": "0",
                            "isLinked": false
                        },
                        "padding_mobile": {
                            "unit": "px",
                            "top": "10",
                            "right": "10",
                            "bottom": "10",
                            "left": "10",
                            "isLinked": true
                        }
                    },
                    "elements": [
                        {
                            "id": "2518dccf",
                            "settings": {
                                "structure": "20",
                                "margin": {
                                    "unit": "px",
                                    "top": "0",
                                    "right": 0,
                                    "bottom": "0",
                                    "left": 0,
                                    "isLinked": false
                                },
                                "margin_mobile": {
                                    "unit": "px",
                                    "top": "60",
                                    "right": 0,
                                    "bottom": "0",
                                    "left": 0,
                                    "isLinked": false
                                }
                            },
                            "elements": [
                                {
                                    "id": "61ecb8a9",
                                    "settings": {
                                        "_column_size": 50,
                                        "_inline_size": null,
                                        "padding_mobile": {
                                            "unit": "px",
                                            "top": "0",
                                            "right": "0",
                                            "bottom": "0",
                                            "left": "0",
                                            "isLinked": false
                                        }
                                    },
                                    "elements": [
                                        {
                                            "id": "29765dda",
                                            "settings": {
                                                "image": {
                                                    "url": "https:\/\/bimberonline.com\/adopt\/wp-content\/uploads\/sites\/73\/2020\/10\/image-section-43-min.jpg",
                                                    "id": 589
                                                }
                                            },
                                            "elements": [],
                                            "isInner": false,
                                            "widgetType": "image",
                                            "elType": "widget"
                                        }
                                    ],
                                    "isInner": true,
                                    "elType": "column"
                                },
                                {
                                    "id": "2f5bd97c",
                                    "settings": {
                                        "_column_size": 50,
                                        "_inline_size": null,
                                        "margin": {
                                            "unit": "px",
                                            "top": "-60",
                                            "right": "0",
                                            "bottom": "0",
                                            "left": "0",
                                            "isLinked": false
                                        },
                                        "margin_mobile": {
                                            "unit": "px",
                                            "top": "0",
                                            "right": "0",
                                            "bottom": "0",
                                            "left": "0",
                                            "isLinked": false
                                        },
                                        "padding_mobile": {
                                            "unit": "px",
                                            "top": "30",
                                            "right": "0",
                                            "bottom": "0",
                                            "left": "0",
                                            "isLinked": false
                                        }
                                    },
                                    "elements": [
                                        {
                                            "id": "4fa45b94",
                                            "settings": {
                                                "image": {
                                                    "url": "https:\/\/bimberonline.com\/adopt\/wp-content\/uploads\/sites\/73\/2020\/10\/image-section-44-min.jpg",
                                                    "id": 590
                                                }
                                            },
                                            "elements": [],
                                            "isInner": false,
                                            "widgetType": "image",
                                            "elType": "widget"
                                        }
                                    ],
                                    "isInner": true,
                                    "elType": "column"
                                }
                            ],
                            "isInner": true,
                            "elType": "section"
                        }
                    ],
                    "isInner": false,
                    "elType": "column"
                },
                {
                    "id": "58464911",
                    "settings": {
                        "_column_size": 50,
                        "_inline_size": 50,
                        "_inline_size_tablet": 60,
                        "content_position": "center",
                        "margin": {
                            "unit": "px",
                            "top": "0",
                            "right": "0",
                            "bottom": "0",
                            "left": "60",
                            "isLinked": false
                        },
                        "margin_mobile": {
                            "unit": "px",
                            "top": "0",
                            "right": "0",
                            "bottom": "0",
                            "left": "0",
                            "isLinked": false
                        },
                        "padding_mobile": {
                            "unit": "px",
                            "top": "10",
                            "right": "10",
                            "bottom": "10",
                            "left": "10",
                            "isLinked": true
                        }
                    },
                    "elements": [
                        {
                            "id": "55154142",
                            "settings": {
                                "title": "Great Love Stories",
                                "header_size": "h5"
                            },
                            "elements": [],
                            "isInner": false,
                            "widgetType": "heading",
                            "elType": "widget"
                        },
                        {
                            "id": "fa7c2c9",
                            "settings": {
                                "title": "Helena + Joe"
                            },
                            "elements": [],
                            "isInner": false,
                            "widgetType": "heading",
                            "elType": "widget"
                        },
                        {
                            "id": "782ddc7f",
                            "settings": {
                                "editor": "<p>Lorem ipsum dolor sit amet, consectetur adipiscing elit. Ut elit tellus, luctus nec ullamcorper mattis, pulvinar dapibus leo. Lorem ipsum dolor sit amet, consectetur adipiscing elit. Ut elit tellus, luctus nec ullamcorper mattis, pulvinar dapibus leo.<\/p><p>Lorem ipsum dolor sit amet, consectetur adipiscing elit. Ut elit tellus, luctus nec ullamcorper mattis, pulvinar dapibus leo.<\/p>"
                            },
                            "elements": [],
                            "isInner": false,
                            "widgetType": "text-editor",
                            "elType": "widget"
                        },
                        {
                            "id": "6f9029f9",
                            "settings": {
                                "title": "Los Angeles, EUA",
                                "header_size": "h6"
                            },
                            "elements": [],
                            "isInner": false,
                            "widgetType": "heading",
                            "elType": "widget"
                        }
                    ],
                    "isInner": false,
                    "elType": "column"
                }
            ],
            "isInner": false,
            "elType": "section"
        },
        {
            "id": "38c30cdf",
            "settings": {
                "structure": "20",
                "background_position": "center center",
                "background_repeat": "no-repeat",
                "background_size": "cover",
                "background_overlay_background": "classic",
                "background_overlay_image": {
                    "url": "https:\/\/bimberonline.com\/adopt\/wp-content\/uploads\/sites\/73\/2020\/06\/image-section-19-min.png",
                    "id": 190
                },
                "background_overlay_position": "center center",
                "background_overlay_repeat": "no-repeat",
                "background_overlay_size": "cover",
                "background_overlay_opacity": {
                    "unit": "px",
                    "size": 0.3,
                    "sizes": []
                },
                "padding": {
                    "unit": "px",
                    "top": "100",
                    "right": "80",
                    "bottom": "100",
                    "left": "80",
                    "isLinked": false
                },
                "padding_tablet": {
                    "unit": "px",
                    "top": "100",
                    "right": "30",
                    "bottom": "100",
                    "left": "30",
                    "isLinked": false
                },
                "margin_mobile": {
                    "unit": "px",
                    "top": "",
                    "right": 0,
                    "bottom": "",
                    "left": 0,
                    "isLinked": true
                },
                "padding_mobile": {
                    "unit": "px",
                    "top": "0",
                    "right": "20",
                    "bottom": "60",
                    "left": "20",
                    "isLinked": false
                },
                "content_width": {
                    "unit": "px",
                    "size": 1200,
                    "sizes": []
                }
            },
            "elements": [
                {
                    "id": "2793a6d7",
                    "settings": {
                        "_column_size": 50,
                        "_inline_size": 50,
                        "_inline_size_tablet": 60,
                        "content_position": "center",
                        "margin": {
                            "unit": "px",
                            "top": "0",
                            "right": "60",
                            "bottom": "0",
                            "left": "0",
                            "isLinked": false
                        },
                        "margin_mobile": {
                            "unit": "px",
                            "top": "30",
                            "right": "0",
                            "bottom": "0",
                            "left": "0",
                            "isLinked": false
                        },
                        "padding_mobile": {
                            "unit": "px",
                            "top": "10",
                            "right": "10",
                            "bottom": "10",
                            "left": "10",
                            "isLinked": true
                        }
                    },
                    "elements": [
                        {
                            "id": "703f5004",
                            "settings": {
                                "title": "Great Love Stories",
                                "header_size": "h5"
                            },
                            "elements": [],
                            "isInner": false,
                            "widgetType": "heading",
                            "elType": "widget"
                        },
                        {
                            "id": "1c97e782",
                            "settings": {
                                "title": "Jannete + Bruce"
                            },
                            "elements": [],
                            "isInner": false,
                            "widgetType": "heading",
                            "elType": "widget"
                        },
                        {
                            "id": "9798a0",
                            "settings": {
                                "editor": "<p>Lorem ipsum dolor sit amet, consectetur adipiscing elit. Ut elit tellus, luctus nec ullamcorper mattis, pulvinar dapibus leo. Lorem ipsum dolor sit amet, consectetur adipiscing elit. Ut elit tellus, luctus nec ullamcorper mattis, pulvinar dapibus leo.<\/p><p>Lorem ipsum dolor sit amet, consectetur adipiscing elit. Ut elit tellus, luctus nec ullamcorper mattis, pulvinar dapibus leo.<\/p>"
                            },
                            "elements": [],
                            "isInner": false,
                            "widgetType": "text-editor",
                            "elType": "widget"
                        },
                        {
                            "id": "6ed5df21",
                            "settings": {
                                "title": "Las Vegas, EUA",
                                "header_size": "h6"
                            },
                            "elements": [],
                            "isInner": false,
                            "widgetType": "heading",
                            "elType": "widget"
                        }
                    ],
                    "isInner": false,
                    "elType": "column"
                },
                {
                    "id": "730e9b70",
                    "settings": {
                        "_column_size": 50,
                        "_inline_size": 50,
                        "_inline_size_tablet": 40,
                        "content_position_tablet": "center",
                        "padding": {
                            "unit": "px",
                            "top": "0",
                            "right": "0",
                            "bottom": "0",
                            "left": "0",
                            "isLinked": false
                        },
                        "padding_mobile": {
                            "unit": "px",
                            "top": "10",
                            "right": "10",
                            "bottom": "10",
                            "left": "10",
                            "isLinked": true
                        }
                    },
                    "elements": [
                        {
                            "id": "7dd398ba",
                            "settings": {
                                "structure": "20",
                                "margin": {
                                    "unit": "px",
                                    "top": "0",
                                    "right": 0,
                                    "bottom": "0",
                                    "left": 0,
                                    "isLinked": false
                                },
                                "margin_mobile": {
                                    "unit": "px",
                                    "top": "60",
                                    "right": 0,
                                    "bottom": "0",
                                    "left": 0,
                                    "isLinked": false
                                }
                            },
                            "elements": [
                                {
                                    "id": "7e62f5ad",
                                    "settings": {
                                        "_column_size": 50,
                                        "_inline_size": null,
                                        "padding_mobile": {
                                            "unit": "px",
                                            "top": "0",
                                            "right": "0",
                                            "bottom": "0",
                                            "left": "0",
                                            "isLinked": false
                                        }
                                    },
                                    "elements": [
                                        {
                                            "id": "5ca423e8",
                                            "settings": {
                                                "image": {
                                                    "url": "https:\/\/bimberonline.com\/adopt\/wp-content\/uploads\/sites\/73\/2020\/10\/image-section-45-min.jpg",
                                                    "id": 592
                                                }
                                            },
                                            "elements": [],
                                            "isInner": false,
                                            "widgetType": "image",
                                            "elType": "widget"
                                        }
                                    ],
                                    "isInner": true,
                                    "elType": "column"
                                },
                                {
                                    "id": "107ac28a",
                                    "settings": {
                                        "_column_size": 50,
                                        "_inline_size": null,
                                        "margin": {
                                            "unit": "px",
                                            "top": "-60",
                                            "right": "0",
                                            "bottom": "0",
                                            "left": "0",
                                            "isLinked": false
                                        },
                                        "margin_mobile": {
                                            "unit": "px",
                                            "top": "0",
                                            "right": "0",
                                            "bottom": "0",
                                            "left": "0",
                                            "isLinked": false
                                        },
                                        "padding_mobile": {
                                            "unit": "px",
                                            "top": "30",
                                            "right": "0",
                                            "bottom": "0",
                                            "left": "0",
                                            "isLinked": false
                                        }
                                    },
                                    "elements": [
                                        {
                                            "id": "1854273f",
                                            "settings": {
                                                "image": {
                                                    "url": "https:\/\/bimberonline.com\/adopt\/wp-content\/uploads\/sites\/73\/2020\/10\/image-section-46-min.jpg",
                                                    "id": 591
                                                }
                                            },
                                            "elements": [],
                                            "isInner": false,
                                            "widgetType": "image",
                                            "elType": "widget"
                                        }
                                    ],
                                    "isInner": true,
                                    "elType": "column"
                                }
                            ],
                            "isInner": true,
                            "elType": "section"
                        }
                    ],
                    "isInner": false,
                    "elType": "column"
                }
            ],
            "isInner": false,
            "elType": "section"
        },
        {
            "id": "12f66bce",
            "settings": {
                "height": "min-height",
                "custom_height": {
                    "unit": "px",
                    "size": 500,
                    "sizes": []
                },
                "structure": "20",
                "background_background": "gradient",
                "background_image": {
                    "url": "https:\/\/bimberonline.com\/adopt\/wp-content\/uploads\/sites\/73\/2020\/06\/image-section-19-min.png",
                    "id": 190
                },
                "background_position": "center center",
                "background_ypos": {
                    "unit": "px",
                    "size": -80,
                    "sizes": []
                },
                "background_repeat": "no-repeat",
                "background_size": "cover",
                "background_overlay_background": "classic",
                "background_overlay_opacity": {
                    "unit": "px",
                    "size": 0.15,
                    "sizes": []
                },
                "css_filters_css_filter": "custom",
                "css_filters_brightness": {
                    "unit": "px",
                    "size": 101,
                    "sizes": []
                },
                "css_filters_contrast": {
                    "unit": "px",
                    "size": 200,
                    "sizes": []
                },
                "css_filters_hue": {
                    "unit": "px",
                    "size": 322,
                    "sizes": []
                },
                "overlay_blend_mode": "multiply",
                "shape_divider_top": "waves",
                "shape_divider_top_width": {
                    "unit": "%",
                    "size": 100,
                    "sizes": []
                },
                "shape_divider_top_height": {
                    "unit": "px",
                    "size": 45,
                    "sizes": []
                },
                "shape_divider_top_negative": "yes",
                "shape_divider_bottom": "waves",
                "shape_divider_bottom_width": {
                    "unit": "%",
                    "size": 100,
                    "sizes": []
                },
                "shape_divider_bottom_height": {
                    "unit": "px",
                    "size": 36,
                    "sizes": []
                },
                "shape_divider_bottom_negative": "yes",
                "background_position_tablet": "top center",
                "background_repeat_tablet": "no-repeat",
                "background_size_tablet": "cover",
                "__globals__": {
                    "background_overlay_color": "",
                    "background_overlay_color_b": "globals\/colors?id=0657b85",
                    "background_color": "globals\/colors?id=daf9735",
                    "background_color_b": "globals\/colors?id=95b1126"
                },
                "background_motion_fx_translateY_affectedRange": {
                    "unit": "%",
                    "size": "",
                    "sizes": {
                        "start": 1,
                        "end": 1
                    }
                },
                "background_overlay_color_stop": {
                    "unit": "%",
                    "size": 100,
                    "sizes": []
                },
                "padding_mobile": {
                    "unit": "px",
                    "top": "60",
                    "right": "20",
                    "bottom": "60",
                    "left": "20",
                    "isLinked": false
                },
                "custom_height_tablet": {
                    "unit": "px",
                    "size": 430,
                    "sizes": []
                },
                "padding_tablet": {
                    "unit": "px",
                    "top": "30",
                    "right": "30",
                    "bottom": "30",
                    "left": "30",
                    "isLinked": false
                },
                "background_color": "#FFC131",
                "background_color_b": "#FFD269",
                "background_overlay_color_b": "#885CCB",
                "background_overlay_image": {
                    "url": "https:\/\/bimberonline.com\/adopt\/wp-content\/uploads\/sites\/73\/2020\/06\/image-section-20-min.jpg",
                    "id": 193
                },
                "background_overlay_position": "center center",
                "background_overlay_repeat": "no-repeat",
                "background_overlay_size": "cover"
            },
            "elements": [
                {
                    "id": "7dd177be",
                    "settings": {
                        "_column_size": 50,
                        "_inline_size": 50,
                        "_inline_size_tablet": 50,
                        "content_position": "center",
                        "animation": "fadeInLeft"
                    },
                    "elements": [
                        {
                            "id": "6ad5e61b",
                            "settings": {
                                "title": "Show your story here",
                                "align": "left",
                                "_margin": {
                                    "unit": "%",
                                    "top": "-1",
                                    "right": "0",
                                    "bottom": "0",
                                    "left": "0",
                                    "isLinked": false
                                },
                                "typography_font_size_tablet": {
                                    "unit": "px",
                                    "size": 36,
                                    "sizes": []
                                },
                                "align_mobile": "center",
                                "align_tablet": "center",
                                "__globals__": {
                                    "title_color": "globals\/colors?id=8803734"
                                }
                            },
                            "elements": [],
                            "isInner": false,
                            "widgetType": "heading",
                            "elType": "widget"
                        },
                        {
                            "id": "63ad1bca",
                            "settings": {
                                "editor": "<p>Sed vulputate mi sit amet. Nunc scelerisque viverra mauris in. Pellentesque pulvinar pellentesque habitant morbi tristique senectus et.\u00a0<\/p>",
                                "align": "left",
                                "text_color": "#FFFFFF",
                                "_padding": {
                                    "unit": "%",
                                    "top": "",
                                    "right": "",
                                    "bottom": "",
                                    "left": "",
                                    "isLinked": true
                                },
                                "align_mobile": "center",
                                "align_tablet": "center",
                                "__globals__": {
                                    "text_color": ""
                                }
                            },
                            "elements": [],
                            "isInner": false,
                            "widgetType": "text-editor",
                            "elType": "widget"
                        }
                    ],
                    "isInner": false,
                    "elType": "column"
                },
                {
                    "id": "4f424b2",
                    "settings": {
                        "_column_size": 50,
                        "_inline_size": 49.981,
                        "content_position": "center",
                        "_inline_size_tablet": 50,
                        "animation": "fadeInRight",
                        "padding_tablet": {
                            "unit": "px",
                            "top": "0",
                            "right": "30",
                            "bottom": "0",
                            "left": "30",
                            "isLinked": false
                        },
                        "padding_mobile": {
                            "unit": "px",
                            "top": "0",
                            "right": "0",
                            "bottom": "0",
                            "left": "0",
                            "isLinked": false
                        }
                    },
                    "elements": [
                        {
                            "id": "aa3ab68",
                            "settings": {
                                "form_name": "New Form",
                                "form_fields": [
                                    {
                                        "custom_id": "name",
                                        "field_label": "Your Name",
                                        "placeholder": "Your Name",
                                        "_id": "63fff39"
                                    },
                                    {
                                        "custom_id": "email",
                                        "field_type": "email",
                                        "required": "true",
                                        "field_label": "Your Email",
                                        "placeholder": "Your Email",
                                        "_id": "a51ad89"
                                    },
                                    {
                                        "custom_id": "message",
                                        "field_type": "textarea",
                                        "field_label": "Your Message",
                                        "_id": "e2e4344"
                                    }
                                ],
                                "input_size": "md",
                                "show_labels": "",
                                "button_align": "start",
                                "step_next_label": "Next",
                                "step_previous_label": "Previous",
                                "button_text": "Send Message",
                                "email_content": "[all-fields]",
                                "email_content_2": "[all-fields]",
                                "success_message": "The form was sent successfully.",
                                "error_message": "An error occured.",
                                "required_field_message": "This field is required.",
                                "invalid_message": "There's something wrong. The form is invalid.",
                                "row_gap": {
                                    "unit": "px",
                                    "size": 20,
                                    "sizes": []
                                },
                                "label_typography_typography": "custom",
                                "field_text_color": "#000000",
                                "field_typography_typography": "custom",
                                "field_typography_font_family": "Open Sans",
                                "field_typography_font_size": {
                                    "unit": "px",
                                    "size": 14,
                                    "sizes": []
                                },
                                "field_border_color": "rgba(2, 1, 1, 0.15)",
                                "field_border_width": {
                                    "unit": "px",
                                    "top": "0",
                                    "right": "0",
                                    "bottom": "0",
                                    "left": "0",
                                    "isLinked": true
                                },
                                "field_border_radius": {
                                    "unit": "px",
                                    "top": "100",
                                    "right": "100",
                                    "bottom": "100",
                                    "left": "100",
                                    "isLinked": true
                                },
                                "button_background_color": "#885CCB",
                                "button_background_hover_color": "#885CCB",
                                "button_border_radius": {
                                    "unit": "px",
                                    "top": "100",
                                    "right": "100",
                                    "bottom": "100",
                                    "left": "100",
                                    "isLinked": true
                                },
                                "message_typography_typography": "custom",
                                "message_typography_font_family": "Open Sans",
                                "message_typography_font_size": {
                                    "unit": "px",
                                    "size": 14,
                                    "sizes": []
                                },
                                "success_message_color": "#000000",
                                "error_message_color": "#000000",
                                "inline_message_color": "#000000",
                                "__globals__": {
                                    "button_background_color": "globals\/colors?id=8803734",
                                    "button_background_hover_color": "globals\/colors?id=0657b85",
                                    "button_hover_color": "",
                                    "button_text_color": ""
                                },
                                "label_spacing": {
                                    "unit": "px",
                                    "size": "",
                                    "sizes": []
                                },
                                "html_spacing": {
                                    "unit": "px",
                                    "size": "",
                                    "sizes": []
                                },
                                "button_width_mobile": "100",
                                "button_align_mobile": "stretch",
                                "_margin_mobile": {
                                    "unit": "px",
                                    "top": "0",
                                    "right": "0",
                                    "bottom": "0",
                                    "left": "0",
                                    "isLinked": false
                                },
                                "_padding_mobile": {
                                    "unit": "px",
                                    "top": "20",
                                    "right": "20",
                                    "bottom": "20",
                                    "left": "20",
                                    "isLinked": true
                                },
                                "_z_index_mobile": 8,
                                "_z_index_tablet": 5,
                                "button_text_color": "#FFFFFF",
                                "button_hover_color": "#FFFFFF",
                                "button_align_tablet": "stretch"
                            },
                            "elements": [],
                            "isInner": false,
                            "widgetType": "form",
                            "elType": "widget"
                        }
                    ],
                    "isInner": false,
                    "elType": "column"
                }
            ],
            "isInner": false,
            "elType": "section"
        }
    ]
}