{
    "version": "0.4",
    "title": "Pet Profile",
    "type": "page",
    "metadata": {
        "template_type": "single-page",
        "include_in_zip": "1",
        "elementor_pro_required": "1",
        "wp_page_template": "elementor_header_footer"
    },
    "content": [
        {
            "id": "74134daa",
            "settings": {
                "content_width": {
                    "unit": "px",
                    "size": 1400,
                    "sizes": []
                },
                "height": "min-height",
                "custom_height": {
                    "unit": "px",
                    "size": 300,
                    "sizes": []
                },
                "padding": {
                    "unit": "px",
                    "top": "0",
                    "right": "80",
                    "bottom": "0",
                    "left": "80",
                    "isLinked": false
                },
                "background_background": "gradient",
                "background_overlay_background": "classic",
                "background_overlay_image": {
                    "url": "https:\/\/bimberonline.com\/adopt\/wp-content\/uploads\/sites\/73\/2020\/06\/image-section-29-min.png",
                    "id": 207
                },
                "background_overlay_position": "center center",
                "background_overlay_repeat": "no-repeat",
                "background_overlay_size": "cover",
                "shape_divider_bottom": "waves",
                "shape_divider_bottom_height": {
                    "unit": "px",
                    "size": 30,
                    "sizes": []
                },
                "shape_divider_bottom_negative": "yes",
                "animation": "none",
                "__globals__": {
                    "background_color": "globals\/colors?id=8803734",
                    "background_color_b": "globals\/colors?id=0657b85"
                },
                "padding_mobile": {
                    "unit": "px",
                    "top": "0",
                    "right": "20",
                    "bottom": "0",
                    "left": "20",
                    "isLinked": false
                }
            },
            "elements": [
                {
                    "id": "3d049a2c",
                    "settings": {
                        "_column_size": 100,
                        "_inline_size": null
                    },
                    "elements": [
                        {
                            "id": "7ee09186",
                            "settings": {
                                "image": {
                                    "url": "https:\/\/bimberonline.com\/adopt\/wp-content\/uploads\/sites\/73\/2020\/06\/image-section-08-min.png",
                                    "id": 113
                                },
                                "_element_width": "initial",
                                "_element_custom_width": {
                                    "unit": "px",
                                    "size": 280,
                                    "sizes": []
                                },
                                "_position": "absolute",
                                "_offset_x": {
                                    "size": 4,
                                    "unit": "px"
                                },
                                "_offset_y": {
                                    "size": 103,
                                    "unit": "px"
                                },
                                "_offset_x_mobile": {
                                    "size": 2,
                                    "unit": "px"
                                },
                                "_offset_y_mobile": {
                                    "size": 102,
                                    "unit": "px"
                                },
                                "_animation": "fadeInUp",
                                "animation_duration": "fast"
                            },
                            "elements": [],
                            "isInner": false,
                            "widgetType": "image",
                            "elType": "widget"
                        },
                        {
                            "id": "23ba9c49",
                            "settings": {
                                "title": "Pet Profile",
                                "typography_typography": "custom",
                                "header_size": "h1",
                                "align": "center",
                                "title_color": "#FFFFFF",
                                "_z_index_mobile": 5,
                                "_animation": "fadeInUp"
                            },
                            "elements": [],
                            "isInner": false,
                            "widgetType": "heading",
                            "elType": "widget"
                        },
                        {
                            "id": "2c0b57b5",
                            "settings": {
                                "image": {
                                    "url": "https:\/\/bimberonline.com\/adopt\/wp-content\/uploads\/sites\/73\/2020\/06\/image-section-06-min.png",
                                    "id": 111
                                },
                                "_element_width": "initial",
                                "_element_custom_width": {
                                    "unit": "px",
                                    "size": 140,
                                    "sizes": []
                                },
                                "_position": "absolute",
                                "_offset_orientation_h": "end",
                                "_animation": "rotateInDownLeft"
                            },
                            "elements": [],
                            "isInner": false,
                            "widgetType": "image",
                            "elType": "widget"
                        },
                        {
                            "id": "4e1c47b7",
                            "settings": {
                                "image": {
                                    "url": "https:\/\/bimberonline.com\/adopt\/wp-content\/uploads\/sites\/73\/2020\/06\/image-section-07-min.png",
                                    "id": 112
                                },
                                "_element_width": "initial",
                                "_element_custom_width": {
                                    "unit": "px",
                                    "size": 100,
                                    "sizes": []
                                },
                                "_position": "absolute",
                                "_offset_orientation_h": "end",
                                "_offset_x_end": {
                                    "size": 166.6,
                                    "unit": "px"
                                },
                                "_offset_y": {
                                    "size": -74,
                                    "unit": "px"
                                },
                                "_animation": "zoomInUp",
                                "animation_duration": "slow"
                            },
                            "elements": [],
                            "isInner": false,
                            "widgetType": "image",
                            "elType": "widget"
                        }
                    ],
                    "isInner": false,
                    "elType": "column"
                }
            ],
            "isInner": false,
            "elType": "section"
        },
        {
            "id": "20f5a207",
            "settings": {
                "padding": {
                    "unit": "px",
                    "top": "100",
                    "right": "80",
                    "bottom": "100",
                    "left": "80",
                    "isLinked": false
                },
                "padding_tablet": {
                    "unit": "px",
                    "top": "100",
                    "right": "30",
                    "bottom": "100",
                    "left": "30",
                    "isLinked": false
                },
                "padding_mobile": {
                    "unit": "px",
                    "top": "60",
                    "right": "20",
                    "bottom": "60",
                    "left": "20",
                    "isLinked": false
                },
                "content_width": {
                    "unit": "px",
                    "size": 1200,
                    "sizes": []
                },
                "structure": "20"
            },
            "elements": [
                {
                    "id": "75ad881b",
                    "settings": {
                        "_column_size": 50,
                        "_inline_size": null,
                        "content_position": "center",
                        "background_background": "classic",
                        "background_image": {
                            "url": "https:\/\/bimberonline.com\/adopt\/wp-content\/uploads\/sites\/73\/2020\/10\/image-section-60-min.jpg",
                            "id": 797
                        },
                        "background_position": "center center",
                        "background_repeat": "no-repeat",
                        "background_size": "contain",
                        "padding": {
                            "unit": "px",
                            "top": "0",
                            "right": "0",
                            "bottom": "0",
                            "left": "0",
                            "isLinked": false
                        }
                    },
                    "elements": [
                        {
                            "id": "58ef933e",
                            "settings": {
                                "image": {
                                    "url": "https:\/\/bimberonline.com\/adopt\/wp-content\/uploads\/sites\/73\/2020\/10\/image-section-51-min.png",
                                    "id": 788
                                }
                            },
                            "elements": [],
                            "isInner": false,
                            "widgetType": "image",
                            "elType": "widget"
                        }
                    ],
                    "isInner": false,
                    "elType": "column"
                },
                {
                    "id": "63640ae6",
                    "settings": {
                        "_column_size": 50,
                        "_inline_size": null,
                        "content_position": "center",
                        "padding": {
                            "unit": "px",
                            "top": "30",
                            "right": "30",
                            "bottom": "30",
                            "left": "60",
                            "isLinked": false
                        },
                        "padding_tablet": {
                            "unit": "px",
                            "top": "0",
                            "right": "0",
                            "bottom": "0",
                            "left": "30",
                            "isLinked": false
                        },
                        "padding_mobile": {
                            "unit": "px",
                            "top": "30",
                            "right": "10",
                            "bottom": "10",
                            "left": "10",
                            "isLinked": false
                        }
                    },
                    "elements": [
                        {
                            "id": "384052d7",
                            "settings": {
                                "title": "About Me",
                                "header_size": "h5",
                                "align": "left"
                            },
                            "elements": [],
                            "isInner": false,
                            "widgetType": "heading",
                            "elType": "widget"
                        },
                        {
                            "id": "7b53106a",
                            "settings": {
                                "title": "Bailey",
                                "align": "left"
                            },
                            "elements": [],
                            "isInner": false,
                            "widgetType": "heading",
                            "elType": "widget"
                        },
                        {
                            "id": "7acbb6e2",
                            "settings": {
                                "align": "left",
                                "editor": "<p>Lorem ipsum dolor sit amet, consectetur adipiscing elit. Ut elit tellus, luctus nec ullamcorper mattis, pulvinar dapibus leo.<\/p><p>Augue eget arcu dictum varius duis at consectetur. Pellentesque nec nam aliquam sem et. Egestas integer eget aliquet nibh praesent tristique. Nibh mauris cursus mattis molestie a iaculis at erat pellentesque. Aliquet nibh praesent tristique magna sit amet purus gravida quis.\u00a0<\/p>"
                            },
                            "elements": [],
                            "isInner": false,
                            "widgetType": "text-editor",
                            "elType": "widget"
                        },
                        {
                            "id": "2a895cf1",
                            "settings": {
                                "structure": "20"
                            },
                            "elements": [
                                {
                                    "id": "67b8bc68",
                                    "settings": {
                                        "_column_size": 50,
                                        "_inline_size": null,
                                        "content_position": "center",
                                        "padding": {
                                            "unit": "px",
                                            "top": "0",
                                            "right": "0",
                                            "bottom": "0",
                                            "left": "0",
                                            "isLinked": false
                                        },
                                        "_inline_size_tablet": 100,
                                        "_inline_size_mobile": 50,
                                        "content_position_mobile": "top"
                                    },
                                    "elements": [
                                        {
                                            "id": "6767782d",
                                            "settings": {
                                                "title": "Breed: Labrador Retriever",
                                                "header_size": "h6",
                                                "align_tablet": "left"
                                            },
                                            "elements": [],
                                            "isInner": false,
                                            "widgetType": "heading",
                                            "elType": "widget"
                                        }
                                    ],
                                    "isInner": true,
                                    "elType": "column"
                                },
                                {
                                    "id": "7554ee9d",
                                    "settings": {
                                        "_column_size": 50,
                                        "_inline_size": null,
                                        "_inline_size_tablet": 100,
                                        "_inline_size_mobile": 50,
                                        "content_position_mobile": "top",
                                        "margin_tablet": {
                                            "unit": "px",
                                            "top": "20",
                                            "right": "0",
                                            "bottom": "0",
                                            "left": "0",
                                            "isLinked": false
                                        },
                                        "margin_mobile": {
                                            "unit": "px",
                                            "top": "0",
                                            "right": "0",
                                            "bottom": "0",
                                            "left": "0",
                                            "isLinked": false
                                        },
                                        "padding_tablet": {
                                            "unit": "px",
                                            "top": "0",
                                            "right": "0",
                                            "bottom": "0",
                                            "left": "0",
                                            "isLinked": false
                                        }
                                    },
                                    "elements": [
                                        {
                                            "id": "1fa3332d",
                                            "settings": {
                                                "title": "Colour: Brindle",
                                                "header_size": "h6",
                                                "align_tablet": "left"
                                            },
                                            "elements": [],
                                            "isInner": false,
                                            "widgetType": "heading",
                                            "elType": "widget"
                                        }
                                    ],
                                    "isInner": true,
                                    "elType": "column"
                                }
                            ],
                            "isInner": true,
                            "elType": "section"
                        },
                        {
                            "id": "7d112736",
                            "settings": {
                                "structure": "20",
                                "margin": {
                                    "unit": "px",
                                    "top": "20",
                                    "right": 0,
                                    "bottom": "0",
                                    "left": 0,
                                    "isLinked": false
                                }
                            },
                            "elements": [
                                {
                                    "id": "45a83459",
                                    "settings": {
                                        "_column_size": 50,
                                        "_inline_size": null,
                                        "content_position": "center",
                                        "padding": {
                                            "unit": "px",
                                            "top": "0",
                                            "right": "0",
                                            "bottom": "0",
                                            "left": "0",
                                            "isLinked": false
                                        },
                                        "_inline_size_tablet": 100,
                                        "_inline_size_mobile": 50,
                                        "content_position_mobile": "top",
                                        "margin_tablet": {
                                            "unit": "px",
                                            "top": "0",
                                            "right": "0",
                                            "bottom": "0",
                                            "left": "0",
                                            "isLinked": false
                                        },
                                        "margin_mobile": {
                                            "unit": "px",
                                            "top": "0",
                                            "right": "0",
                                            "bottom": "0",
                                            "left": "0",
                                            "isLinked": false
                                        },
                                        "padding_tablet": {
                                            "unit": "px",
                                            "top": "0",
                                            "right": "0",
                                            "bottom": "0",
                                            "left": "0",
                                            "isLinked": false
                                        }
                                    },
                                    "elements": [
                                        {
                                            "id": "40305d12",
                                            "settings": {
                                                "title": "Age: 3 Years (approx)",
                                                "header_size": "h6",
                                                "align_tablet": "left"
                                            },
                                            "elements": [],
                                            "isInner": false,
                                            "widgetType": "heading",
                                            "elType": "widget"
                                        }
                                    ],
                                    "isInner": true,
                                    "elType": "column"
                                },
                                {
                                    "id": "561f201",
                                    "settings": {
                                        "_column_size": 50,
                                        "_inline_size": null,
                                        "_inline_size_tablet": 100,
                                        "_inline_size_mobile": 50,
                                        "content_position_mobile": "top",
                                        "margin_tablet": {
                                            "unit": "px",
                                            "top": "20",
                                            "right": "0",
                                            "bottom": "0",
                                            "left": "0",
                                            "isLinked": false
                                        },
                                        "margin_mobile": {
                                            "unit": "px",
                                            "top": "0",
                                            "right": "0",
                                            "bottom": "0",
                                            "left": "0",
                                            "isLinked": false
                                        },
                                        "padding_tablet": {
                                            "unit": "px",
                                            "top": "0",
                                            "right": "0",
                                            "bottom": "0",
                                            "left": "0",
                                            "isLinked": false
                                        }
                                    },
                                    "elements": [
                                        {
                                            "id": "ed58714",
                                            "settings": {
                                                "title": "Hobby: Making Friends",
                                                "header_size": "h6",
                                                "align_tablet": "left"
                                            },
                                            "elements": [],
                                            "isInner": false,
                                            "widgetType": "heading",
                                            "elType": "widget"
                                        }
                                    ],
                                    "isInner": true,
                                    "elType": "column"
                                }
                            ],
                            "isInner": true,
                            "elType": "section"
                        }
                    ],
                    "isInner": false,
                    "elType": "column"
                }
            ],
            "isInner": false,
            "elType": "section"
        },
        {
            "id": "53b0690d",
            "settings": {
                "background_background": "gradient",
                "background_overlay_background": "classic",
                "background_overlay_image": {
                    "url": "https:\/\/bimberonline.com\/adopt\/wp-content\/uploads\/sites\/73\/2020\/06\/image-section-29-min.png",
                    "id": 207
                },
                "background_overlay_position": "center center",
                "background_overlay_repeat": "no-repeat",
                "background_overlay_size": "initial",
                "shape_divider_top": "waves",
                "shape_divider_top_width": {
                    "unit": "%",
                    "size": 100,
                    "sizes": []
                },
                "shape_divider_top_height": {
                    "unit": "px",
                    "size": 45,
                    "sizes": []
                },
                "shape_divider_top_negative": "yes",
                "shape_divider_bottom": "waves",
                "shape_divider_bottom_width": {
                    "unit": "%",
                    "size": 100,
                    "sizes": []
                },
                "shape_divider_bottom_height": {
                    "unit": "px",
                    "size": 36,
                    "sizes": []
                },
                "shape_divider_bottom_negative": "yes",
                "padding": {
                    "unit": "px",
                    "top": "100",
                    "right": "80",
                    "bottom": "100",
                    "left": "80",
                    "isLinked": false
                },
                "__globals__": {
                    "background_color": "globals\/colors?id=daf9735",
                    "background_color_b": "globals\/colors?id=95b1126"
                },
                "structure": "20",
                "padding_tablet": {
                    "unit": "px",
                    "top": "100",
                    "right": "30",
                    "bottom": "100",
                    "left": "30",
                    "isLinked": false
                },
                "content_width": {
                    "unit": "px",
                    "size": 1200,
                    "sizes": []
                }
            },
            "elements": [
                {
                    "id": "146ba3f6",
                    "settings": {
                        "_column_size": 50,
                        "_inline_size": 65,
                        "_inline_size_tablet": 50,
                        "content_position": "center",
                        "padding_mobile": {
                            "unit": "px",
                            "top": "10",
                            "right": "10",
                            "bottom": "10",
                            "left": "10",
                            "isLinked": true
                        },
                        "margin": {
                            "unit": "px",
                            "top": "0",
                            "right": "60",
                            "bottom": "0",
                            "left": "0",
                            "isLinked": false
                        },
                        "margin_tablet": {
                            "unit": "px",
                            "top": "0",
                            "right": "30",
                            "bottom": "0",
                            "left": "0",
                            "isLinked": false
                        },
                        "margin_mobile": {
                            "unit": "px",
                            "top": "0",
                            "right": "0",
                            "bottom": "0",
                            "left": "0",
                            "isLinked": false
                        }
                    },
                    "elements": [
                        {
                            "id": "67dce223",
                            "settings": {
                                "title": "Why I'm special",
                                "align": "left",
                                "align_mobile": "center"
                            },
                            "elements": [],
                            "isInner": false,
                            "widgetType": "heading",
                            "elType": "widget"
                        },
                        {
                            "id": "23e2b63d",
                            "settings": {
                                "editor": "<p>Faucibus scelerisque eleifend donec pretium vulputate sapien nec. Vestibulum rhoncus est pellentesque elit ullamcorper dignissim cras tincidunt. Vitae auctor eu augue ut lectus arcu bibendum at.<\/p>",
                                "typography_typography": "custom",
                                "typography_font_size": {
                                    "unit": "px",
                                    "size": 18,
                                    "sizes": []
                                },
                                "typography_font_weight": "600",
                                "align_mobile": "center"
                            },
                            "elements": [],
                            "isInner": false,
                            "widgetType": "text-editor",
                            "elType": "widget"
                        },
                        {
                            "id": "15f82b81",
                            "settings": {
                                "align": "left",
                                "__globals__": {
                                    "text_color": "globals\/colors?id=bccedde"
                                },
                                "align_mobile": "center",
                                "editor": "<p>Diam vel quam elementum pulvinar etiam non quam. Metus vulputate eu scelerisque felis imperdiet proin fermentum. Tellus elementum sagittis vitae et.<\/p><p>Erat imperdiet sed euismod nisi. Nisl pretium fusce id velit ut tortor. Morbi tincidunt augue interdum velit euismod. Nibh sit amet commodo nulla.<\/p>"
                            },
                            "elements": [],
                            "isInner": false,
                            "widgetType": "text-editor",
                            "elType": "widget"
                        }
                    ],
                    "isInner": false,
                    "elType": "column"
                },
                {
                    "id": "3aee5033",
                    "settings": {
                        "_column_size": 50,
                        "_inline_size": 34.981,
                        "background_background": "classic",
                        "background_color": "#FFFFFF",
                        "border_radius": {
                            "unit": "px",
                            "top": "30",
                            "right": "30",
                            "bottom": "30",
                            "left": "30",
                            "isLinked": true
                        },
                        "padding": {
                            "unit": "px",
                            "top": "50",
                            "right": "50",
                            "bottom": "50",
                            "left": "50",
                            "isLinked": true
                        },
                        "_inline_size_tablet": 50,
                        "margin_mobile": {
                            "unit": "px",
                            "top": "30",
                            "right": "0",
                            "bottom": "0",
                            "left": "0",
                            "isLinked": false
                        }
                    },
                    "elements": [
                        {
                            "id": "18903d96",
                            "settings": {
                                "title": "My personality",
                                "align": "center",
                                "align_mobile": "center",
                                "header_size": "h3",
                                "_margin": {
                                    "unit": "px",
                                    "top": "0",
                                    "right": "0",
                                    "bottom": "20",
                                    "left": "0",
                                    "isLinked": false
                                }
                            },
                            "elements": [],
                            "isInner": false,
                            "widgetType": "heading",
                            "elType": "widget"
                        },
                        {
                            "id": "6c0b6f1d",
                            "settings": {
                                "image": {
                                    "url": "https:\/\/bimberonline.com\/adopt\/wp-content\/uploads\/sites\/73\/2020\/09\/image-icon-18-min.png",
                                    "id": 463
                                },
                                "title_text": "",
                                "description_text": "I'd prefer to be the only dog in a home",
                                "title_size": "h6",
                                "image_size_tablet": {
                                    "unit": "%",
                                    "size": 25,
                                    "sizes": []
                                },
                                "content_vertical_alignment": "middle",
                                "description_typography_typography": "custom",
                                "description_typography_font_size": {
                                    "unit": "px",
                                    "size": 14,
                                    "sizes": []
                                },
                                "image_size_mobile": {
                                    "unit": "%",
                                    "size": 25,
                                    "sizes": []
                                },
                                "image_size": {
                                    "unit": "%",
                                    "size": 20,
                                    "sizes": []
                                },
                                "text_align": "center",
                                "text_align_mobile": "center"
                            },
                            "elements": [],
                            "isInner": false,
                            "widgetType": "image-box",
                            "elType": "widget"
                        },
                        {
                            "id": "74ba22c9",
                            "settings": {
                                "image": {
                                    "url": "https:\/\/bimberonline.com\/adopt\/wp-content\/uploads\/sites\/73\/2020\/09\/image-icon-17-min.png",
                                    "id": 462
                                },
                                "title_text": "",
                                "description_text": "You'll need to take me to training classes",
                                "title_size": "h6",
                                "image_size_tablet": {
                                    "unit": "%",
                                    "size": 25,
                                    "sizes": []
                                },
                                "content_vertical_alignment": "middle",
                                "description_typography_typography": "custom",
                                "description_typography_font_size": {
                                    "unit": "px",
                                    "size": 14,
                                    "sizes": []
                                },
                                "image_size_mobile": {
                                    "unit": "%",
                                    "size": 25,
                                    "sizes": []
                                },
                                "image_size": {
                                    "unit": "%",
                                    "size": 20,
                                    "sizes": []
                                },
                                "text_align": "center",
                                "text_align_mobile": "center"
                            },
                            "elements": [],
                            "isInner": false,
                            "widgetType": "image-box",
                            "elType": "widget"
                        },
                        {
                            "id": "2049858e",
                            "settings": {
                                "image": {
                                    "url": "https:\/\/bimberonline.com\/adopt\/wp-content\/uploads\/sites\/73\/2020\/09\/image-icon-19-min.png",
                                    "id": 464
                                },
                                "title_text": "",
                                "description_text": "I'd prefer to be the only animal in a home",
                                "title_size": "h6",
                                "image_size_tablet": {
                                    "unit": "%",
                                    "size": 25,
                                    "sizes": []
                                },
                                "content_vertical_alignment": "middle",
                                "description_typography_typography": "custom",
                                "description_typography_font_size": {
                                    "unit": "px",
                                    "size": 14,
                                    "sizes": []
                                },
                                "image_size_mobile": {
                                    "unit": "%",
                                    "size": 25,
                                    "sizes": []
                                },
                                "image_size": {
                                    "unit": "%",
                                    "size": 20,
                                    "sizes": []
                                },
                                "text_align": "center",
                                "text_align_mobile": "center"
                            },
                            "elements": [],
                            "isInner": false,
                            "widgetType": "image-box",
                            "elType": "widget"
                        },
                        {
                            "id": "5005b81d",
                            "settings": {
                                "image": {
                                    "url": "https:\/\/bimberonline.com\/adopt\/wp-content\/uploads\/sites\/73\/2020\/09\/image-icon-20-min.png",
                                    "id": 461
                                },
                                "title_text": "",
                                "description_text": "I love toys and games",
                                "title_size": "h6",
                                "image_size_tablet": {
                                    "unit": "%",
                                    "size": 25,
                                    "sizes": []
                                },
                                "content_vertical_alignment": "middle",
                                "description_typography_typography": "custom",
                                "description_typography_font_size": {
                                    "unit": "px",
                                    "size": 14,
                                    "sizes": []
                                },
                                "image_size_mobile": {
                                    "unit": "%",
                                    "size": 25,
                                    "sizes": []
                                },
                                "image_size": {
                                    "unit": "%",
                                    "size": 20,
                                    "sizes": []
                                },
                                "text_align": "center",
                                "text_align_mobile": "center"
                            },
                            "elements": [],
                            "isInner": false,
                            "widgetType": "image-box",
                            "elType": "widget"
                        }
                    ],
                    "isInner": false,
                    "elType": "column"
                }
            ],
            "isInner": false,
            "elType": "section"
        },
        {
            "id": "56c8655",
            "settings": {
                "background_background": "classic",
                "padding": {
                    "unit": "px",
                    "top": "100",
                    "right": "0",
                    "bottom": "100",
                    "left": "0",
                    "isLinked": false
                },
                "padding_mobile": {
                    "unit": "px",
                    "top": "60",
                    "right": "0",
                    "bottom": "60",
                    "left": "0",
                    "isLinked": false
                },
                "padding_tablet": {
                    "unit": "px",
                    "top": "100",
                    "right": "0",
                    "bottom": "0",
                    "left": "0",
                    "isLinked": false
                },
                "content_width": {
                    "unit": "px",
                    "size": 1400,
                    "sizes": []
                }
            },
            "elements": [
                {
                    "id": "5c06e4c8",
                    "settings": {
                        "_column_size": 100,
                        "_inline_size": null,
                        "padding_mobile": {
                            "unit": "px",
                            "top": "0",
                            "right": "0",
                            "bottom": "0",
                            "left": "0",
                            "isLinked": false
                        },
                        "padding_tablet": {
                            "unit": "px",
                            "top": "0",
                            "right": "0",
                            "bottom": "0",
                            "left": "0",
                            "isLinked": false
                        }
                    },
                    "elements": [
                        {
                            "id": "45c00d9e",
                            "settings": {
                                "content_width": {
                                    "unit": "px",
                                    "size": 800,
                                    "sizes": []
                                },
                                "margin": {
                                    "unit": "px",
                                    "top": "0",
                                    "right": 0,
                                    "bottom": "0",
                                    "left": 0,
                                    "isLinked": false
                                },
                                "padding_tablet": {
                                    "unit": "px",
                                    "top": "0",
                                    "right": "40",
                                    "bottom": "0",
                                    "left": "40",
                                    "isLinked": false
                                }
                            },
                            "elements": [
                                {
                                    "id": "1d51e873",
                                    "settings": {
                                        "_column_size": 100,
                                        "_inline_size": null,
                                        "padding_mobile": {
                                            "unit": "px",
                                            "top": "0",
                                            "right": "0",
                                            "bottom": "0",
                                            "left": "0",
                                            "isLinked": false
                                        }
                                    },
                                    "elements": [
                                        {
                                            "id": "7771a102",
                                            "settings": {
                                                "image": {
                                                    "url": "https:\/\/bimberonline.com\/adopt\/wp-content\/uploads\/sites\/73\/2020\/06\/image-icon-04-min-1.png",
                                                    "id": 122
                                                },
                                                "width": {
                                                    "unit": "%",
                                                    "size": 4,
                                                    "sizes": []
                                                },
                                                "width_mobile": {
                                                    "unit": "%",
                                                    "size": 15,
                                                    "sizes": []
                                                }
                                            },
                                            "elements": [],
                                            "isInner": false,
                                            "widgetType": "image",
                                            "elType": "widget"
                                        },
                                        {
                                            "id": "6095b3cf",
                                            "settings": {
                                                "title": "If you want to adopt Bailey, please contact",
                                                "align": "center",
                                                "_padding_mobile": {
                                                    "unit": "px",
                                                    "top": "0",
                                                    "right": "20",
                                                    "bottom": "0",
                                                    "left": "20",
                                                    "isLinked": false
                                                },
                                                "_padding_tablet": {
                                                    "unit": "px",
                                                    "top": "0",
                                                    "right": "0",
                                                    "bottom": "0",
                                                    "left": "0",
                                                    "isLinked": false
                                                }
                                            },
                                            "elements": [],
                                            "isInner": false,
                                            "widgetType": "heading",
                                            "elType": "widget"
                                        },
                                        {
                                            "id": "2838e6ae",
                                            "settings": {
                                                "editor": "<p>Auctor neque vitae tempus quam pellentesque nec nam aliquam. Risus in hendrerit gravida rutrum.<\/p>",
                                                "align": "center",
                                                "_padding": {
                                                    "unit": "%",
                                                    "top": "",
                                                    "right": "",
                                                    "bottom": "",
                                                    "left": "",
                                                    "isLinked": true
                                                },
                                                "_padding_mobile": {
                                                    "unit": "px",
                                                    "top": "0",
                                                    "right": "0",
                                                    "bottom": "0",
                                                    "left": "0",
                                                    "isLinked": true
                                                },
                                                "_padding_tablet": {
                                                    "unit": "px",
                                                    "top": "0",
                                                    "right": "40",
                                                    "bottom": "0",
                                                    "left": "40",
                                                    "isLinked": false
                                                }
                                            },
                                            "elements": [],
                                            "isInner": false,
                                            "widgetType": "text-editor",
                                            "elType": "widget"
                                        }
                                    ],
                                    "isInner": true,
                                    "elType": "column"
                                }
                            ],
                            "isInner": true,
                            "elType": "section"
                        },
                        {
                            "id": "50339055",
                            "settings": {
                                "structure": "20",
                                "height_inner": "min-height",
                                "custom_height_inner": {
                                    "unit": "px",
                                    "size": 700,
                                    "sizes": []
                                },
                                "margin": {
                                    "unit": "px",
                                    "top": "30",
                                    "right": 0,
                                    "bottom": "0",
                                    "left": 0,
                                    "isLinked": false
                                }
                            },
                            "elements": [
                                {
                                    "id": "6368b28b",
                                    "settings": {
                                        "_column_size": 50,
                                        "_inline_size": 50,
                                        "content_position": "center",
                                        "box_shadow_box_shadow": {
                                            "horizontal": 0,
                                            "vertical": 0,
                                            "blur": 30,
                                            "spread": 0,
                                            "color": "rgba(0, 0, 0, 0.15)"
                                        },
                                        "margin": {
                                            "unit": "%",
                                            "top": "",
                                            "right": "",
                                            "bottom": "",
                                            "left": "",
                                            "isLinked": true
                                        },
                                        "padding": {
                                            "unit": "%",
                                            "top": "",
                                            "right": "",
                                            "bottom": "",
                                            "left": "",
                                            "isLinked": true
                                        },
                                        "background_background": "classic",
                                        "background_image": {
                                            "url": "https:\/\/bimberonline.com\/adopt\/wp-content\/uploads\/sites\/73\/2020\/10\/image-section-50-min.png",
                                            "id": 678
                                        },
                                        "background_position": "center center",
                                        "background_repeat": "no-repeat",
                                        "background_size": "initial",
                                        "background_size_mobile": "initial",
                                        "background_bg_width_mobile": {
                                            "unit": "px",
                                            "size": 414,
                                            "sizes": []
                                        },
                                        "_inline_size_tablet": 65,
                                        "background_position_tablet": "initial",
                                        "background_xpos_tablet": {
                                            "unit": "px",
                                            "size": 19,
                                            "sizes": []
                                        },
                                        "background_ypos_tablet": {
                                            "unit": "px",
                                            "size": 69,
                                            "sizes": []
                                        },
                                        "background_size_tablet": "initial",
                                        "background_bg_width_tablet": {
                                            "unit": "px",
                                            "size": 460,
                                            "sizes": []
                                        },
                                        "background_position_mobile": "center center"
                                    },
                                    "elements": [
                                        {
                                            "id": "671d48df",
                                            "settings": {
                                                "image": {
                                                    "url": "https:\/\/bimberonline.com\/adopt\/wp-content\/uploads\/sites\/73\/2020\/06\/image-section-07-min.png",
                                                    "id": 112
                                                },
                                                "_element_width": "initial",
                                                "_element_custom_width": {
                                                    "unit": "px",
                                                    "size": 200,
                                                    "sizes": []
                                                },
                                                "_position": "absolute",
                                                "_offset_x": {
                                                    "size": -96,
                                                    "unit": "px"
                                                },
                                                "_offset_y": {
                                                    "size": -129,
                                                    "unit": "px"
                                                },
                                                "_offset_x_mobile": {
                                                    "size": 185,
                                                    "unit": "px"
                                                },
                                                "_offset_y_mobile": {
                                                    "size": -417,
                                                    "unit": "px"
                                                },
                                                "_element_width_mobile": "initial",
                                                "_element_custom_width_mobile": {
                                                    "unit": "px",
                                                    "size": 120,
                                                    "sizes": []
                                                }
                                            },
                                            "elements": [],
                                            "isInner": false,
                                            "widgetType": "image",
                                            "elType": "widget"
                                        },
                                        {
                                            "id": "57db34f7",
                                            "settings": {
                                                "image": {
                                                    "url": "https:\/\/bimberonline.com\/adopt\/wp-content\/uploads\/sites\/73\/2020\/06\/image-section-08-min.png",
                                                    "id": 113
                                                },
                                                "_element_width": "initial",
                                                "_element_custom_width": {
                                                    "unit": "px",
                                                    "size": 200,
                                                    "sizes": []
                                                },
                                                "_position": "absolute",
                                                "_offset_orientation_h": "end",
                                                "_offset_x_end": {
                                                    "size": -75,
                                                    "unit": "px"
                                                },
                                                "_offset_y": {
                                                    "size": 23,
                                                    "unit": "px"
                                                },
                                                "_offset_x_end_mobile": {
                                                    "size": 13.4,
                                                    "unit": "px"
                                                },
                                                "_offset_y_mobile": {
                                                    "size": -103,
                                                    "unit": "px"
                                                },
                                                "hide_mobile": "hidden-phone"
                                            },
                                            "elements": [],
                                            "isInner": false,
                                            "widgetType": "image",
                                            "elType": "widget"
                                        },
                                        {
                                            "id": "62edfaff",
                                            "settings": {
                                                "space_mobile": {
                                                    "unit": "px",
                                                    "size": 70,
                                                    "sizes": []
                                                },
                                                "hide_desktop": "hidden-desktop",
                                                "hide_tablet": "hidden-tablet"
                                            },
                                            "elements": [],
                                            "isInner": false,
                                            "widgetType": "spacer",
                                            "elType": "widget"
                                        },
                                        {
                                            "id": "3e6e31c9",
                                            "settings": {
                                                "title": "Contact Bailey",
                                                "align": "center",
                                                "_padding": {
                                                    "unit": "px",
                                                    "top": "0",
                                                    "right": "0",
                                                    "bottom": "10",
                                                    "left": "0",
                                                    "isLinked": false
                                                },
                                                "header_size": "h4",
                                                "__globals__": {
                                                    "title_color": "globals\/colors?id=daf9735"
                                                },
                                                "_animation": "fadeInLeft",
                                                "align_mobile": "center",
                                                "_padding_mobile": {
                                                    "unit": "px",
                                                    "top": "0",
                                                    "right": "0",
                                                    "bottom": "0",
                                                    "left": "0",
                                                    "isLinked": false
                                                },
                                                "align_tablet": "center",
                                                "_margin_tablet": {
                                                    "unit": "px",
                                                    "top": "-70",
                                                    "right": "0",
                                                    "bottom": "0",
                                                    "left": "0",
                                                    "isLinked": false
                                                },
                                                "_margin_mobile": {
                                                    "unit": "px",
                                                    "top": "-40",
                                                    "right": "0",
                                                    "bottom": "0",
                                                    "left": "0",
                                                    "isLinked": false
                                                }
                                            },
                                            "elements": [],
                                            "isInner": false,
                                            "widgetType": "heading",
                                            "elType": "widget"
                                        },
                                        {
                                            "id": "54420b97",
                                            "settings": {
                                                "form_name": "New Form",
                                                "form_fields": [
                                                    {
                                                        "custom_id": "name",
                                                        "field_label": "Your Name",
                                                        "placeholder": "Your Name",
                                                        "_id": "63fff39"
                                                    },
                                                    {
                                                        "custom_id": "email",
                                                        "field_type": "email",
                                                        "required": "true",
                                                        "field_label": "Your Email",
                                                        "placeholder": "Your Email",
                                                        "_id": "a51ad89"
                                                    },
                                                    {
                                                        "custom_id": "message",
                                                        "field_type": "textarea",
                                                        "field_label": "Your Message",
                                                        "_id": "e2e4344"
                                                    }
                                                ],
                                                "input_size": "md",
                                                "show_labels": "",
                                                "button_align": "center",
                                                "step_next_label": "Next",
                                                "step_previous_label": "Previous",
                                                "button_text": "Send Message",
                                                "email_content": "[all-fields]",
                                                "email_content_2": "[all-fields]",
                                                "success_message": "The form was sent successfully.",
                                                "error_message": "An error occured.",
                                                "required_field_message": "This field is required.",
                                                "invalid_message": "There's something wrong. The form is invalid.",
                                                "label_typography_typography": "custom",
                                                "field_text_color": "#000000",
                                                "field_typography_typography": "custom",
                                                "field_typography_font_family": "Open Sans",
                                                "field_typography_font_size": {
                                                    "unit": "px",
                                                    "size": 14,
                                                    "sizes": []
                                                },
                                                "field_border_color": "rgba(2, 1, 1, 0.15)",
                                                "field_border_width": {
                                                    "unit": "px",
                                                    "top": "0",
                                                    "right": "0",
                                                    "bottom": "0",
                                                    "left": "0",
                                                    "isLinked": true
                                                },
                                                "field_border_radius": {
                                                    "unit": "px",
                                                    "top": "100",
                                                    "right": "100",
                                                    "bottom": "100",
                                                    "left": "100",
                                                    "isLinked": true
                                                },
                                                "button_background_color": "#FFC131",
                                                "button_background_hover_color": "#FFE433",
                                                "button_border_radius": {
                                                    "unit": "px",
                                                    "top": "100",
                                                    "right": "100",
                                                    "bottom": "100",
                                                    "left": "100",
                                                    "isLinked": true
                                                },
                                                "message_typography_typography": "custom",
                                                "message_typography_font_family": "Open Sans",
                                                "message_typography_font_size": {
                                                    "unit": "px",
                                                    "size": 14,
                                                    "sizes": []
                                                },
                                                "success_message_color": "#000000",
                                                "error_message_color": "#000000",
                                                "inline_message_color": "#000000",
                                                "_padding": {
                                                    "unit": "px",
                                                    "top": "0",
                                                    "right": "100",
                                                    "bottom": "0",
                                                    "left": "100",
                                                    "isLinked": false
                                                },
                                                "__globals__": {
                                                    "button_background_color": "globals\/colors?id=daf9735",
                                                    "button_background_hover_color": "globals\/colors?id=95b1126",
                                                    "button_hover_color": "globals\/colors?id=bccedde",
                                                    "button_text_color": "globals\/colors?id=bccedde"
                                                },
                                                "_animation": "fadeInLeft",
                                                "label_spacing": {
                                                    "unit": "px",
                                                    "size": "",
                                                    "sizes": []
                                                },
                                                "html_spacing": {
                                                    "unit": "px",
                                                    "size": "",
                                                    "sizes": []
                                                },
                                                "button_width_mobile": "100",
                                                "button_align_mobile": "stretch",
                                                "_margin_mobile": {
                                                    "unit": "px",
                                                    "top": "0",
                                                    "right": "0",
                                                    "bottom": "0",
                                                    "left": "0",
                                                    "isLinked": false
                                                },
                                                "_padding_mobile": {
                                                    "unit": "px",
                                                    "top": "0",
                                                    "right": "20",
                                                    "bottom": "20",
                                                    "left": "20",
                                                    "isLinked": false
                                                },
                                                "_z_index_mobile": 8,
                                                "_padding_tablet": {
                                                    "unit": "px",
                                                    "top": "0",
                                                    "right": "100",
                                                    "bottom": "0",
                                                    "left": "100",
                                                    "isLinked": false
                                                },
                                                "_z_index_tablet": 5,
                                                "_margin_tablet": {
                                                    "unit": "px",
                                                    "top": "-25",
                                                    "right": "0",
                                                    "bottom": "0",
                                                    "left": "0",
                                                    "isLinked": false
                                                }
                                            },
                                            "elements": [],
                                            "isInner": false,
                                            "widgetType": "form",
                                            "elType": "widget"
                                        },
                                        {
                                            "id": "40bd7a12",
                                            "settings": {
                                                "image": {
                                                    "url": "https:\/\/bimberonline.com\/adopt\/wp-content\/uploads\/sites\/73\/2020\/06\/image-section-07-min.png",
                                                    "id": 112
                                                },
                                                "_element_width": "initial",
                                                "_element_custom_width": {
                                                    "unit": "px",
                                                    "size": 150,
                                                    "sizes": []
                                                },
                                                "_position": "absolute",
                                                "_offset_orientation_h": "end",
                                                "_offset_orientation_v": "end",
                                                "_offset_x_end_tablet": {
                                                    "size": -42.825,
                                                    "unit": "px"
                                                },
                                                "_offset_y_end_tablet": {
                                                    "size": 123,
                                                    "unit": "px"
                                                },
                                                "_offset_x_end_mobile": {
                                                    "size": 295.6,
                                                    "unit": "px"
                                                },
                                                "_offset_y_end_mobile": {
                                                    "size": 275.4,
                                                    "unit": "px"
                                                },
                                                "_offset_x_end": {
                                                    "size": 23,
                                                    "unit": "px"
                                                },
                                                "_offset_y_end": {
                                                    "size": 101,
                                                    "unit": "px"
                                                }
                                            },
                                            "elements": [],
                                            "isInner": false,
                                            "widgetType": "image",
                                            "elType": "widget"
                                        }
                                    ],
                                    "isInner": true,
                                    "elType": "column"
                                },
                                {
                                    "id": "3a09454b",
                                    "settings": {
                                        "_column_size": 50,
                                        "_inline_size": 50,
                                        "content_position": "center",
                                        "_inline_size_tablet": 35
                                    },
                                    "elements": [
                                        {
                                            "id": "1632c9c8",
                                            "settings": {
                                                "title": "Hey, do you want to be my friend?",
                                                "header_size": "h5",
                                                "align": "center",
                                                "_z_index": 5,
                                                "_element_width": "initial",
                                                "_element_custom_width": {
                                                    "unit": "px",
                                                    "size": 150,
                                                    "sizes": []
                                                },
                                                "_position": "absolute",
                                                "_offset_x": {
                                                    "size": 158,
                                                    "unit": "px"
                                                },
                                                "_offset_y": {
                                                    "size": 40,
                                                    "unit": "px"
                                                },
                                                "_offset_x_mobile": {
                                                    "size": 132,
                                                    "unit": "px"
                                                },
                                                "_offset_y_mobile": {
                                                    "size": 22,
                                                    "unit": "px"
                                                },
                                                "_offset_x_tablet": {
                                                    "size": 57,
                                                    "unit": "px"
                                                },
                                                "_offset_y_tablet": {
                                                    "size": 105,
                                                    "unit": "px"
                                                },
                                                "_offset_orientation_h": "end",
                                                "_offset_x_end": {
                                                    "size": 85.912,
                                                    "unit": "px"
                                                },
                                                "_offset_x_end_tablet": {
                                                    "size": 35.987,
                                                    "unit": "px"
                                                },
                                                "_offset_x_end_mobile": {
                                                    "size": 40.775,
                                                    "unit": "px"
                                                }
                                            },
                                            "elements": [],
                                            "isInner": false,
                                            "widgetType": "heading",
                                            "elType": "widget"
                                        },
                                        {
                                            "id": "79edc25f",
                                            "settings": {
                                                "image": {
                                                    "url": "https:\/\/bimberonline.com\/adopt\/wp-content\/uploads\/sites\/73\/2020\/06\/image-section-11-min.png",
                                                    "id": 144
                                                },
                                                "_element_width": "initial",
                                                "_element_custom_width": {
                                                    "unit": "px",
                                                    "size": 200,
                                                    "sizes": []
                                                },
                                                "_position": "absolute",
                                                "_offset_orientation_h": "end",
                                                "_animation": "jello",
                                                "_element_width_mobile": "initial",
                                                "_element_custom_width_mobile": {
                                                    "unit": "px",
                                                    "size": 190,
                                                    "sizes": []
                                                },
                                                "_offset_x_end_mobile": {
                                                    "size": 22.6,
                                                    "unit": "px"
                                                },
                                                "_offset_y_mobile": {
                                                    "size": -27,
                                                    "unit": "px"
                                                },
                                                "_element_width_tablet": "initial",
                                                "_element_custom_width_tablet": {
                                                    "unit": "px",
                                                    "size": 200,
                                                    "sizes": []
                                                },
                                                "_offset_x_end_tablet": {
                                                    "size": 12.837,
                                                    "unit": "px"
                                                },
                                                "_offset_y_tablet": {
                                                    "size": 72,
                                                    "unit": "px"
                                                },
                                                "_offset_x_end": {
                                                    "size": 65,
                                                    "unit": "px"
                                                },
                                                "_offset_y": {
                                                    "size": 5,
                                                    "unit": "px"
                                                }
                                            },
                                            "elements": [],
                                            "isInner": false,
                                            "widgetType": "image",
                                            "elType": "widget"
                                        },
                                        {
                                            "id": "232f3c1e",
                                            "settings": {
                                                "image": {
                                                    "url": "https:\/\/bimberonline.com\/adopt\/wp-content\/uploads\/sites\/73\/2020\/06\/image-section-41-min.jpg",
                                                    "id": 467
                                                },
                                                "width": {
                                                    "unit": "%",
                                                    "size": 100,
                                                    "sizes": []
                                                },
                                                "space": {
                                                    "unit": "%",
                                                    "size": 100,
                                                    "sizes": []
                                                }
                                            },
                                            "elements": [],
                                            "isInner": false,
                                            "widgetType": "image",
                                            "elType": "widget"
                                        }
                                    ],
                                    "isInner": true,
                                    "elType": "column"
                                }
                            ],
                            "isInner": true,
                            "elType": "section"
                        }
                    ],
                    "isInner": false,
                    "elType": "column"
                }
            ],
            "isInner": false,
            "elType": "section"
        }
    ]
}