{
    "version": "0.4",
    "title": "Footer Section",
    "type": "section",
    "metadata": {
        "template_type": "section-footer",
        "include_in_zip": "1",
        "elementor_pro_required": null,
        "wp_page_template": "elementor_canvas"
    },
    "content": [
        {
            "id": "7afcddeb",
            "settings": [],
            "elements": [
                {
                    "id": "2faf1649",
                    "settings": {
                        "_column_size": 100,
                        "_inline_size": null
                    },
                    "elements": [
                        {
                            "id": "3336d9e1",
                            "settings": {
                                "menu": "menu-1",
                                "padding_horizontal_menu_item": {
                                    "unit": "px",
                                    "size": 11,
                                    "sizes": []
                                },
                                "padding_vertical_menu_item": {
                                    "unit": "px",
                                    "size": 18,
                                    "sizes": []
                                },
                                "menu_space_between": {
                                    "unit": "px",
                                    "size": 4,
                                    "sizes": []
                                },
                                "menu_row_space": {
                                    "unit": "px",
                                    "size": 0,
                                    "sizes": []
                                },
                                "animation_text": "sink",
                                "menu_typography_typography": "custom",
                                "menu_typography_font_family": "Ubuntu",
                                "menu_typography_font_size": {
                                    "unit": "px",
                                    "size": 16,
                                    "sizes": []
                                },
                                "menu_typography_font_weight": "500",
                                "color_menu_item": "#000000",
                                "bg_color_menu_item": "#ECF2FA",
                                "color_menu_item_hover": "#000000",
                                "bg_color_menu_item_hover": "#EEBFFF",
                                "color_menu_item_active": "#000000",
                                "bg_color_menu_item_active": "#FFDD42",
                                "navmenu_align": "center",
                                "_margin": {
                                    "unit": "px",
                                    "top": "60",
                                    "right": "0",
                                    "bottom": "0",
                                    "left": "0",
                                    "isLinked": false
                                }
                            },
                            "elements": [],
                            "isInner": false,
                            "widgetType": "navigation-menu",
                            "elType": "widget"
                        }
                    ],
                    "isInner": false,
                    "elType": "column"
                }
            ],
            "isInner": false,
            "elType": "section"
        },
        {
            "id": "79381e9a",
            "settings": {
                "padding": {
                    "unit": "px",
                    "top": "30",
                    "right": "0",
                    "bottom": "80",
                    "left": "0",
                    "isLinked": false
                }
            },
            "elements": [
                {
                    "id": "3c6e2a8",
                    "settings": {
                        "_column_size": 100,
                        "_inline_size": null
                    },
                    "elements": [
                        {
                            "id": "4ef2e3c3",
                            "settings": {
                                "structure": "30"
                            },
                            "elements": [
                                {
                                    "id": "5ad3626",
                                    "settings": {
                                        "_column_size": 33,
                                        "_inline_size": 43.839,
                                        "_inline_size_mobile": 33
                                    },
                                    "elements": [
                                        {
                                            "id": "266d43d7",
                                            "settings": {
                                                "image": {
                                                    "url": "http:\/\/roythemes.com\/demo\/tk\/insta\/wp-content\/uploads\/2020\/08\/InsignificonSC64-Telegram.png",
                                                    "id": 29
                                                },
                                                "align": "right",
                                                "space_mobile": {
                                                    "unit": "px",
                                                    "size": 42,
                                                    "sizes": []
                                                },
                                                "link_to": "custom",
                                                "link": {
                                                    "url": "#",
                                                    "is_external": "",
                                                    "nofollow": "",
                                                    "custom_attributes": ""
                                                },
                                                "hover_animation": "bob"
                                            },
                                            "elements": [],
                                            "isInner": false,
                                            "widgetType": "image",
                                            "elType": "widget"
                                        }
                                    ],
                                    "isInner": true,
                                    "elType": "column"
                                },
                                {
                                    "id": "2c771ba2",
                                    "settings": {
                                        "_column_size": 33,
                                        "_inline_size": 11.964,
                                        "_inline_size_mobile": 33
                                    },
                                    "elements": [
                                        {
                                            "id": "5edcbead",
                                            "settings": {
                                                "image": {
                                                    "url": "http:\/\/roythemes.com\/demo\/tk\/insta\/wp-content\/uploads\/2020\/08\/InsignificonSC64-WhatsApp.png",
                                                    "id": 30
                                                },
                                                "align": "center",
                                                "space_mobile": {
                                                    "unit": "px",
                                                    "size": 42,
                                                    "sizes": []
                                                },
                                                "link_to": "custom",
                                                "link": {
                                                    "url": "#",
                                                    "is_external": "",
                                                    "nofollow": "",
                                                    "custom_attributes": ""
                                                },
                                                "hover_animation": "bob"
                                            },
                                            "elements": [],
                                            "isInner": false,
                                            "widgetType": "image",
                                            "elType": "widget"
                                        }
                                    ],
                                    "isInner": true,
                                    "elType": "column"
                                },
                                {
                                    "id": "17c22ab9",
                                    "settings": {
                                        "_column_size": 33,
                                        "_inline_size": 43.53,
                                        "_inline_size_mobile": 33
                                    },
                                    "elements": [
                                        {
                                            "id": "1ef9e47c",
                                            "settings": {
                                                "image": {
                                                    "url": "http:\/\/roythemes.com\/demo\/tk\/insta\/wp-content\/uploads\/2020\/08\/InsignificonSC64-Instagram-New.png",
                                                    "id": 28
                                                },
                                                "align": "left",
                                                "space_mobile": {
                                                    "unit": "px",
                                                    "size": 42,
                                                    "sizes": []
                                                },
                                                "link_to": "custom",
                                                "link": {
                                                    "url": "#",
                                                    "is_external": "",
                                                    "nofollow": "",
                                                    "custom_attributes": ""
                                                },
                                                "hover_animation": "bob"
                                            },
                                            "elements": [],
                                            "isInner": false,
                                            "widgetType": "image",
                                            "elType": "widget"
                                        }
                                    ],
                                    "isInner": true,
                                    "elType": "column"
                                }
                            ],
                            "isInner": true,
                            "elType": "section"
                        },
                        {
                            "id": "3ee9f3b1",
                            "settings": {
                                "editor": "<p>PR Account for info and order<\/p>",
                                "align": "center",
                                "align_mobile": "center",
                                "text_color": "#000000",
                                "typography_typography": "custom",
                                "typography_font_family": "Ubuntu",
                                "typography_font_size": {
                                    "unit": "px",
                                    "size": 22,
                                    "sizes": []
                                },
                                "typography_font_size_mobile": {
                                    "unit": "px",
                                    "size": 18,
                                    "sizes": []
                                },
                                "typography_font_weight": "500",
                                "_margin": {
                                    "unit": "px",
                                    "top": "20",
                                    "right": "0",
                                    "bottom": "40",
                                    "left": "0",
                                    "isLinked": false
                                },
                                "_padding": {
                                    "unit": "px",
                                    "top": "0",
                                    "right": "0",
                                    "bottom": "0",
                                    "left": "0",
                                    "isLinked": false
                                },
                                "typography_line_height": {
                                    "unit": "em",
                                    "size": 1,
                                    "sizes": []
                                },
                                "typography_letter_spacing": {
                                    "unit": "px",
                                    "size": -1,
                                    "sizes": []
                                }
                            },
                            "elements": [],
                            "isInner": false,
                            "widgetType": "text-editor",
                            "elType": "widget"
                        }
                    ],
                    "isInner": false,
                    "elType": "column"
                }
            ],
            "isInner": false,
            "elType": "section"
        }
    ],
    "page_settings": {
        "eael_ext_toc_title": "Table of Contents",
        "template": "elementor_canvas"
    }
}