{
    "version": "0.4",
    "title": "Global Kit Styles",
    "type": "section",
    "metadata": {
        "template_type": "global-styles",
        "include_in_zip": "1",
        "elementor_pro_required": null,
        "additional_template_information": [
            "These are the global theme styles configured through the Elementor Theme Styles area."
        ],
        "wp_page_template": "default"
    },
    "content": [],
    "page_settings": {
        "system_colors": [
            {
                "_id": "primary",
                "title": "Primary",
                "color": "#000000"
            },
            {
                "_id": "secondary",
                "title": "Secondary",
                "color": "#54595F"
            },
            {
                "_id": "text",
                "title": "Text",
                "color": "#7A7A7A"
            },
            {
                "_id": "accent",
                "title": "Accent",
                "color": "#61CE70"
            }
        ],
        "system_typography": [
            {
                "_id": "primary",
                "title": "Primary",
                "typography_typography": "custom",
                "typography_font_family": "Ubuntu",
                "typography_font_weight": "600",
                "typography_font_size": {
                    "unit": "px",
                    "size": "",
                    "sizes": []
                },
                "typography_font_size_tablet": {
                    "unit": "px",
                    "size": "",
                    "sizes": []
                },
                "typography_font_size_mobile": {
                    "unit": "px",
                    "size": "",
                    "sizes": []
                },
                "typography_text_transform": "",
                "typography_font_style": "",
                "typography_text_decoration": "",
                "typography_line_height": {
                    "unit": "em",
                    "size": "",
                    "sizes": []
                },
                "typography_line_height_tablet": {
                    "unit": "em",
                    "size": "",
                    "sizes": []
                },
                "typography_line_height_mobile": {
                    "unit": "em",
                    "size": "",
                    "sizes": []
                },
                "typography_letter_spacing": {
                    "unit": "px",
                    "size": "",
                    "sizes": []
                },
                "typography_letter_spacing_tablet": {
                    "unit": "px",
                    "size": "",
                    "sizes": []
                },
                "typography_letter_spacing_mobile": {
                    "unit": "px",
                    "size": "",
                    "sizes": []
                }
            },
            {
                "_id": "secondary",
                "title": "Secondary",
                "typography_typography": "custom",
                "typography_font_family": "Ubuntu",
                "typography_font_weight": "400",
                "typography_font_size": {
                    "unit": "px",
                    "size": "",
                    "sizes": []
                },
                "typography_font_size_tablet": {
                    "unit": "px",
                    "size": "",
                    "sizes": []
                },
                "typography_font_size_mobile": {
                    "unit": "px",
                    "size": "",
                    "sizes": []
                },
                "typography_text_transform": "",
                "typography_font_style": "",
                "typography_text_decoration": "",
                "typography_line_height": {
                    "unit": "em",
                    "size": "",
                    "sizes": []
                },
                "typography_line_height_tablet": {
                    "unit": "em",
                    "size": "",
                    "sizes": []
                },
                "typography_line_height_mobile": {
                    "unit": "em",
                    "size": "",
                    "sizes": []
                },
                "typography_letter_spacing": {
                    "unit": "px",
                    "size": "",
                    "sizes": []
                },
                "typography_letter_spacing_tablet": {
                    "unit": "px",
                    "size": "",
                    "sizes": []
                },
                "typography_letter_spacing_mobile": {
                    "unit": "px",
                    "size": "",
                    "sizes": []
                }
            },
            {
                "_id": "text",
                "title": "Text",
                "typography_typography": "custom",
                "typography_font_family": "Ubuntu",
                "typography_font_weight": "400",
                "typography_font_size": {
                    "unit": "px",
                    "size": "",
                    "sizes": []
                },
                "typography_font_size_tablet": {
                    "unit": "px",
                    "size": "",
                    "sizes": []
                },
                "typography_font_size_mobile": {
                    "unit": "px",
                    "size": "",
                    "sizes": []
                },
                "typography_text_transform": "",
                "typography_font_style": "",
                "typography_text_decoration": "",
                "typography_line_height": {
                    "unit": "em",
                    "size": "",
                    "sizes": []
                },
                "typography_line_height_tablet": {
                    "unit": "em",
                    "size": "",
                    "sizes": []
                },
                "typography_line_height_mobile": {
                    "unit": "em",
                    "size": "",
                    "sizes": []
                },
                "typography_letter_spacing": {
                    "unit": "px",
                    "size": "",
                    "sizes": []
                },
                "typography_letter_spacing_tablet": {
                    "unit": "px",
                    "size": "",
                    "sizes": []
                },
                "typography_letter_spacing_mobile": {
                    "unit": "px",
                    "size": "",
                    "sizes": []
                }
            },
            {
                "_id": "accent",
                "title": "Accent",
                "typography_typography": "custom",
                "typography_font_family": "Ubuntu",
                "typography_font_weight": "500",
                "typography_font_size": {
                    "unit": "px",
                    "size": "",
                    "sizes": []
                },
                "typography_font_size_tablet": {
                    "unit": "px",
                    "size": "",
                    "sizes": []
                },
                "typography_font_size_mobile": {
                    "unit": "px",
                    "size": "",
                    "sizes": []
                },
                "typography_text_transform": "",
                "typography_font_style": "",
                "typography_text_decoration": "",
                "typography_line_height": {
                    "unit": "em",
                    "size": "",
                    "sizes": []
                },
                "typography_line_height_tablet": {
                    "unit": "em",
                    "size": "",
                    "sizes": []
                },
                "typography_line_height_mobile": {
                    "unit": "em",
                    "size": "",
                    "sizes": []
                },
                "typography_letter_spacing": {
                    "unit": "px",
                    "size": "",
                    "sizes": []
                },
                "typography_letter_spacing_tablet": {
                    "unit": "px",
                    "size": "",
                    "sizes": []
                },
                "typography_letter_spacing_mobile": {
                    "unit": "px",
                    "size": "",
                    "sizes": []
                }
            }
        ],
        "default_generic_fonts": "Sans-serif",
        "site_name": "Blogga Elementor Template Kit",
        "site_description": "Just another WordPress site",
        "page_title_selector": "h1.entry-title",
        "activeItemIndex": 1,
        "body_color": "#000000",
        "body_typography_typography": "custom",
        "body_typography_font_family": "Ubuntu",
        "body_typography_font_size": {
            "unit": "px",
            "size": 18,
            "sizes": []
        },
        "body_typography_line_height": {
            "unit": "em",
            "size": 1.5,
            "sizes": []
        },
        "paragraph_spacing": {
            "unit": "px",
            "size": 15,
            "sizes": []
        },
        "link_normal_color": "#000000",
        "link_normal_typography_typography": "custom",
        "h1_typography_typography": "custom",
        "h1_typography_font_size": {
            "unit": "px",
            "size": 48,
            "sizes": []
        },
        "h1_typography_line_height": {
            "unit": "em",
            "size": 44,
            "sizes": []
        },
        "h2_typography_typography": "custom",
        "h2_typography_font_size": {
            "unit": "px",
            "size": 36,
            "sizes": []
        },
        "h2_typography_line_height": {
            "unit": "em",
            "size": 34,
            "sizes": []
        },
        "h3_typography_typography": "custom",
        "h3_typography_font_size": {
            "unit": "px",
            "size": 32,
            "sizes": []
        },
        "h3_typography_line_height": {
            "unit": "em",
            "size": 34,
            "sizes": []
        },
        "h4_typography_typography": "custom",
        "h4_typography_font_size": {
            "unit": "px",
            "size": 28,
            "sizes": []
        },
        "h5_typography_typography": "custom",
        "h5_typography_font_size": {
            "unit": "px",
            "size": 24,
            "sizes": []
        },
        "h6_typography_typography": "custom",
        "h6_typography_font_size": {
            "unit": "px",
            "size": 20,
            "sizes": []
        }
    }
}