{
    "version": "0.4",
    "title": "Header Section",
    "type": "section",
    "metadata": {
        "template_type": "section-header",
        "include_in_zip": "1",
        "elementor_pro_required": null,
        "wp_page_template": "elementor_canvas"
    },
    "content": [
        {
            "id": "6c04b7ef",
            "settings": [],
            "elements": [
                {
                    "id": "1ff00f35",
                    "settings": {
                        "_column_size": 100,
                        "_inline_size": null
                    },
                    "elements": [
                        {
                            "id": "227bc821",
                            "settings": {
                                "menu": "menu-1",
                                "padding_horizontal_menu_item": {
                                    "unit": "px",
                                    "size": 11,
                                    "sizes": []
                                },
                                "padding_vertical_menu_item": {
                                    "unit": "px",
                                    "size": 18,
                                    "sizes": []
                                },
                                "menu_space_between": {
                                    "unit": "px",
                                    "size": 4,
                                    "sizes": []
                                },
                                "menu_row_space": {
                                    "unit": "px",
                                    "size": 0,
                                    "sizes": []
                                },
                                "animation_text": "sink",
                                "menu_typography_typography": "custom",
                                "menu_typography_font_family": "Ubuntu",
                                "menu_typography_font_size": {
                                    "unit": "px",
                                    "size": 16,
                                    "sizes": []
                                },
                                "menu_typography_font_weight": "500",
                                "color_menu_item": "#000000",
                                "bg_color_menu_item": "#ECF2FA",
                                "color_menu_item_hover": "#000000",
                                "bg_color_menu_item_hover": "#EEBFFF",
                                "color_menu_item_active": "#000000",
                                "bg_color_menu_item_active": "#FFDD42",
                                "navmenu_align": "center",
                                "_margin": {
                                    "unit": "px",
                                    "top": "60",
                                    "right": "0",
                                    "bottom": "0",
                                    "left": "0",
                                    "isLinked": false
                                }
                            },
                            "elements": [],
                            "isInner": false,
                            "widgetType": "navigation-menu",
                            "elType": "widget"
                        }
                    ],
                    "isInner": false,
                    "elType": "column"
                }
            ],
            "isInner": false,
            "elType": "section"
        },
        {
            "id": "59074733",
            "settings": {
                "padding": {
                    "unit": "px",
                    "top": "60",
                    "right": "0",
                    "bottom": "20",
                    "left": "0",
                    "isLinked": false
                }
            },
            "elements": [
                {
                    "id": "1ba7e483",
                    "settings": {
                        "_column_size": 100,
                        "_inline_size": null
                    },
                    "elements": [
                        {
                            "id": "49730034",
                            "settings": {
                                "structure": "80"
                            },
                            "elements": [
                                {
                                    "id": "4315be12",
                                    "settings": {
                                        "_column_size": 12,
                                        "_inline_size": null,
                                        "_inline_size_tablet": 25,
                                        "content_position": "center",
                                        "align": "center",
                                        "space_between_widgets": 0,
                                        "background_background": "classic",
                                        "margin": {
                                            "unit": "em",
                                            "top": "",
                                            "right": "",
                                            "bottom": "",
                                            "left": "",
                                            "isLinked": true
                                        },
                                        "padding": {
                                            "unit": "px",
                                            "top": "5",
                                            "right": "5",
                                            "bottom": "5",
                                            "left": "5",
                                            "isLinked": true
                                        }
                                    },
                                    "elements": [
                                        {
                                            "id": "2a453ad7",
                                            "settings": {
                                                "text": "About",
                                                "link": {
                                                    "url": "http:\/\/roythemes.com\/demo\/tk\/insta\/template-kit\/about\/",
                                                    "is_external": "",
                                                    "nofollow": "",
                                                    "custom_attributes": ""
                                                },
                                                "align": "justify",
                                                "size": "lg",
                                                "typography_typography": "custom",
                                                "typography_font_family": "Ubuntu",
                                                "typography_font_size": {
                                                    "unit": "px",
                                                    "size": 18,
                                                    "sizes": []
                                                },
                                                "typography_font_weight": "500",
                                                "typography_line_height": {
                                                    "unit": "em",
                                                    "size": 1,
                                                    "sizes": []
                                                },
                                                "typography_letter_spacing": {
                                                    "unit": "px",
                                                    "size": -0.5,
                                                    "sizes": []
                                                },
                                                "button_text_color": "#000000",
                                                "background_color": "#FFDD42",
                                                "hover_color": "#000000",
                                                "button_background_hover_color": "#EEBFFF",
                                                "border_radius": {
                                                    "unit": "px",
                                                    "top": "0",
                                                    "right": "0",
                                                    "bottom": "0",
                                                    "left": "0",
                                                    "isLinked": false
                                                },
                                                "text_padding": {
                                                    "unit": "px",
                                                    "top": "22",
                                                    "right": "8",
                                                    "bottom": "22",
                                                    "left": "8",
                                                    "isLinked": false
                                                },
                                                "_margin": {
                                                    "unit": "px",
                                                    "top": "0",
                                                    "right": "0",
                                                    "bottom": "0",
                                                    "left": "0",
                                                    "isLinked": false
                                                },
                                                "_padding": {
                                                    "unit": "px",
                                                    "top": "0",
                                                    "right": "0",
                                                    "bottom": "0",
                                                    "left": "0",
                                                    "isLinked": false
                                                }
                                            },
                                            "elements": [],
                                            "isInner": false,
                                            "widgetType": "button",
                                            "elType": "widget"
                                        }
                                    ],
                                    "isInner": true,
                                    "elType": "column"
                                },
                                {
                                    "id": "24c24d0c",
                                    "settings": {
                                        "_column_size": 12,
                                        "_inline_size": null,
                                        "_inline_size_tablet": 25,
                                        "content_position": "center",
                                        "align": "center",
                                        "space_between_widgets": 0,
                                        "background_background": "classic",
                                        "margin": {
                                            "unit": "em",
                                            "top": "",
                                            "right": "",
                                            "bottom": "",
                                            "left": "",
                                            "isLinked": true
                                        },
                                        "padding": {
                                            "unit": "px",
                                            "top": "5",
                                            "right": "5",
                                            "bottom": "5",
                                            "left": "5",
                                            "isLinked": true
                                        }
                                    },
                                    "elements": [
                                        {
                                            "id": "5eb3ef0b",
                                            "settings": {
                                                "text": "Order",
                                                "link": {
                                                    "url": "http:\/\/roythemes.com\/demo\/tk\/insta\/template-kit\/order\/",
                                                    "is_external": "",
                                                    "nofollow": "",
                                                    "custom_attributes": ""
                                                },
                                                "align": "justify",
                                                "size": "lg",
                                                "typography_typography": "custom",
                                                "typography_font_family": "Ubuntu",
                                                "typography_font_size": {
                                                    "unit": "px",
                                                    "size": 18,
                                                    "sizes": []
                                                },
                                                "typography_font_weight": "500",
                                                "typography_line_height": {
                                                    "unit": "em",
                                                    "size": 1,
                                                    "sizes": []
                                                },
                                                "typography_letter_spacing": {
                                                    "unit": "px",
                                                    "size": -0.5,
                                                    "sizes": []
                                                },
                                                "button_text_color": "#000000",
                                                "background_color": "#EAB3FF",
                                                "hover_color": "#000000",
                                                "button_background_hover_color": "#EEBFFF",
                                                "border_radius": {
                                                    "unit": "px",
                                                    "top": "0",
                                                    "right": "0",
                                                    "bottom": "0",
                                                    "left": "0",
                                                    "isLinked": false
                                                },
                                                "text_padding": {
                                                    "unit": "px",
                                                    "top": "22",
                                                    "right": "8",
                                                    "bottom": "22",
                                                    "left": "8",
                                                    "isLinked": false
                                                },
                                                "_margin": {
                                                    "unit": "px",
                                                    "top": "0",
                                                    "right": "0",
                                                    "bottom": "0",
                                                    "left": "0",
                                                    "isLinked": false
                                                },
                                                "_padding": {
                                                    "unit": "px",
                                                    "top": "0",
                                                    "right": "0",
                                                    "bottom": "0",
                                                    "left": "0",
                                                    "isLinked": false
                                                }
                                            },
                                            "elements": [],
                                            "isInner": false,
                                            "widgetType": "button",
                                            "elType": "widget"
                                        }
                                    ],
                                    "isInner": true,
                                    "elType": "column"
                                },
                                {
                                    "id": "1ddcb9e6",
                                    "settings": {
                                        "_column_size": 12,
                                        "_inline_size": null,
                                        "_inline_size_tablet": 25,
                                        "content_position": "center",
                                        "align": "center",
                                        "space_between_widgets": 0,
                                        "background_background": "classic",
                                        "margin": {
                                            "unit": "em",
                                            "top": "",
                                            "right": "",
                                            "bottom": "",
                                            "left": "",
                                            "isLinked": true
                                        },
                                        "padding": {
                                            "unit": "px",
                                            "top": "5",
                                            "right": "5",
                                            "bottom": "5",
                                            "left": "5",
                                            "isLinked": true
                                        }
                                    },
                                    "elements": [
                                        {
                                            "id": "70cd85c8",
                                            "settings": {
                                                "text": "Guide",
                                                "link": {
                                                    "url": "http:\/\/roythemes.com\/demo\/tk\/insta\/template-kit\/guide\/",
                                                    "is_external": "",
                                                    "nofollow": "",
                                                    "custom_attributes": ""
                                                },
                                                "align": "justify",
                                                "size": "lg",
                                                "typography_typography": "custom",
                                                "typography_font_family": "Ubuntu",
                                                "typography_font_size": {
                                                    "unit": "px",
                                                    "size": 18,
                                                    "sizes": []
                                                },
                                                "typography_font_weight": "500",
                                                "typography_line_height": {
                                                    "unit": "em",
                                                    "size": 1,
                                                    "sizes": []
                                                },
                                                "typography_letter_spacing": {
                                                    "unit": "px",
                                                    "size": -0.5,
                                                    "sizes": []
                                                },
                                                "button_text_color": "#000000",
                                                "background_color": "#FFB6FB",
                                                "hover_color": "#000000",
                                                "button_background_hover_color": "#EEBFFF",
                                                "border_radius": {
                                                    "unit": "px",
                                                    "top": "0",
                                                    "right": "0",
                                                    "bottom": "0",
                                                    "left": "0",
                                                    "isLinked": false
                                                },
                                                "text_padding": {
                                                    "unit": "px",
                                                    "top": "22",
                                                    "right": "8",
                                                    "bottom": "22",
                                                    "left": "8",
                                                    "isLinked": false
                                                },
                                                "_margin": {
                                                    "unit": "px",
                                                    "top": "0",
                                                    "right": "0",
                                                    "bottom": "0",
                                                    "left": "0",
                                                    "isLinked": false
                                                },
                                                "_padding": {
                                                    "unit": "px",
                                                    "top": "0",
                                                    "right": "0",
                                                    "bottom": "0",
                                                    "left": "0",
                                                    "isLinked": false
                                                }
                                            },
                                            "elements": [],
                                            "isInner": false,
                                            "widgetType": "button",
                                            "elType": "widget"
                                        }
                                    ],
                                    "isInner": true,
                                    "elType": "column"
                                },
                                {
                                    "id": "275e3c22",
                                    "settings": {
                                        "_column_size": 12,
                                        "_inline_size": null,
                                        "_inline_size_tablet": 25,
                                        "content_position": "center",
                                        "align": "center",
                                        "space_between_widgets": 0,
                                        "background_background": "classic",
                                        "margin": {
                                            "unit": "em",
                                            "top": "",
                                            "right": "",
                                            "bottom": "",
                                            "left": "",
                                            "isLinked": true
                                        },
                                        "padding": {
                                            "unit": "px",
                                            "top": "5",
                                            "right": "5",
                                            "bottom": "5",
                                            "left": "5",
                                            "isLinked": true
                                        }
                                    },
                                    "elements": [
                                        {
                                            "id": "68da213d",
                                            "settings": {
                                                "text": "Checklist",
                                                "link": {
                                                    "url": "http:\/\/roythemes.com\/demo\/tk\/insta\/template-kit\/checklist\/",
                                                    "is_external": "",
                                                    "nofollow": "",
                                                    "custom_attributes": ""
                                                },
                                                "align": "justify",
                                                "size": "lg",
                                                "typography_typography": "custom",
                                                "typography_font_family": "Ubuntu",
                                                "typography_font_size": {
                                                    "unit": "px",
                                                    "size": 18,
                                                    "sizes": []
                                                },
                                                "typography_font_weight": "500",
                                                "typography_line_height": {
                                                    "unit": "em",
                                                    "size": 1,
                                                    "sizes": []
                                                },
                                                "typography_letter_spacing": {
                                                    "unit": "px",
                                                    "size": -0.5,
                                                    "sizes": []
                                                },
                                                "button_text_color": "#000000",
                                                "background_color": "#BBECFF",
                                                "hover_color": "#000000",
                                                "button_background_hover_color": "#EEBFFF",
                                                "border_radius": {
                                                    "unit": "px",
                                                    "top": "0",
                                                    "right": "0",
                                                    "bottom": "0",
                                                    "left": "0",
                                                    "isLinked": false
                                                },
                                                "text_padding": {
                                                    "unit": "px",
                                                    "top": "22",
                                                    "right": "8",
                                                    "bottom": "22",
                                                    "left": "8",
                                                    "isLinked": false
                                                },
                                                "_margin": {
                                                    "unit": "px",
                                                    "top": "0",
                                                    "right": "0",
                                                    "bottom": "0",
                                                    "left": "0",
                                                    "isLinked": false
                                                },
                                                "_padding": {
                                                    "unit": "px",
                                                    "top": "0",
                                                    "right": "0",
                                                    "bottom": "0",
                                                    "left": "0",
                                                    "isLinked": false
                                                }
                                            },
                                            "elements": [],
                                            "isInner": false,
                                            "widgetType": "button",
                                            "elType": "widget"
                                        }
                                    ],
                                    "isInner": true,
                                    "elType": "column"
                                },
                                {
                                    "id": "53021fbc",
                                    "settings": {
                                        "_column_size": 12,
                                        "_inline_size": null,
                                        "_inline_size_tablet": 25,
                                        "content_position": "center",
                                        "align": "center",
                                        "space_between_widgets": 0,
                                        "background_background": "classic",
                                        "margin": {
                                            "unit": "em",
                                            "top": "",
                                            "right": "",
                                            "bottom": "",
                                            "left": "",
                                            "isLinked": true
                                        },
                                        "padding": {
                                            "unit": "px",
                                            "top": "5",
                                            "right": "5",
                                            "bottom": "5",
                                            "left": "5",
                                            "isLinked": true
                                        }
                                    },
                                    "elements": [
                                        {
                                            "id": "10b1752d",
                                            "settings": {
                                                "text": "Give Away",
                                                "link": {
                                                    "url": "http:\/\/roythemes.com\/demo\/tk\/insta\/template-kit\/give-away\/",
                                                    "is_external": "",
                                                    "nofollow": "",
                                                    "custom_attributes": ""
                                                },
                                                "align": "justify",
                                                "size": "lg",
                                                "typography_typography": "custom",
                                                "typography_font_family": "Ubuntu",
                                                "typography_font_size": {
                                                    "unit": "px",
                                                    "size": 18,
                                                    "sizes": []
                                                },
                                                "typography_font_weight": "500",
                                                "typography_line_height": {
                                                    "unit": "em",
                                                    "size": 1,
                                                    "sizes": []
                                                },
                                                "typography_letter_spacing": {
                                                    "unit": "px",
                                                    "size": -0.5,
                                                    "sizes": []
                                                },
                                                "button_text_color": "#000000",
                                                "background_color": "#FFDD42",
                                                "hover_color": "#000000",
                                                "button_background_hover_color": "#EEBFFF",
                                                "border_radius": {
                                                    "unit": "px",
                                                    "top": "0",
                                                    "right": "0",
                                                    "bottom": "0",
                                                    "left": "0",
                                                    "isLinked": false
                                                },
                                                "text_padding": {
                                                    "unit": "px",
                                                    "top": "22",
                                                    "right": "8",
                                                    "bottom": "22",
                                                    "left": "8",
                                                    "isLinked": false
                                                },
                                                "_margin": {
                                                    "unit": "px",
                                                    "top": "0",
                                                    "right": "0",
                                                    "bottom": "0",
                                                    "left": "0",
                                                    "isLinked": false
                                                },
                                                "_padding": {
                                                    "unit": "px",
                                                    "top": "0",
                                                    "right": "0",
                                                    "bottom": "0",
                                                    "left": "0",
                                                    "isLinked": false
                                                }
                                            },
                                            "elements": [],
                                            "isInner": false,
                                            "widgetType": "button",
                                            "elType": "widget"
                                        }
                                    ],
                                    "isInner": true,
                                    "elType": "column"
                                },
                                {
                                    "id": "47d6e1f6",
                                    "settings": {
                                        "_column_size": 12,
                                        "_inline_size": null,
                                        "_inline_size_tablet": 25,
                                        "content_position": "center",
                                        "align": "center",
                                        "space_between_widgets": 0,
                                        "background_background": "classic",
                                        "margin": {
                                            "unit": "em",
                                            "top": "",
                                            "right": "",
                                            "bottom": "",
                                            "left": "",
                                            "isLinked": true
                                        },
                                        "padding": {
                                            "unit": "px",
                                            "top": "5",
                                            "right": "5",
                                            "bottom": "5",
                                            "left": "5",
                                            "isLinked": true
                                        }
                                    },
                                    "elements": [
                                        {
                                            "id": "28800165",
                                            "settings": {
                                                "text": "Marathon",
                                                "link": {
                                                    "url": "http:\/\/roythemes.com\/demo\/tk\/insta\/template-kit\/marathon\/",
                                                    "is_external": "",
                                                    "nofollow": "",
                                                    "custom_attributes": ""
                                                },
                                                "align": "justify",
                                                "size": "lg",
                                                "typography_typography": "custom",
                                                "typography_font_family": "Ubuntu",
                                                "typography_font_size": {
                                                    "unit": "px",
                                                    "size": 18,
                                                    "sizes": []
                                                },
                                                "typography_font_weight": "500",
                                                "typography_line_height": {
                                                    "unit": "em",
                                                    "size": 1,
                                                    "sizes": []
                                                },
                                                "typography_letter_spacing": {
                                                    "unit": "px",
                                                    "size": -0.5,
                                                    "sizes": []
                                                },
                                                "button_text_color": "#000000",
                                                "background_color": "#B7D3FF",
                                                "hover_color": "#000000",
                                                "button_background_hover_color": "#EEBFFF",
                                                "border_radius": {
                                                    "unit": "px",
                                                    "top": "0",
                                                    "right": "0",
                                                    "bottom": "0",
                                                    "left": "0",
                                                    "isLinked": false
                                                },
                                                "text_padding": {
                                                    "unit": "px",
                                                    "top": "22",
                                                    "right": "8",
                                                    "bottom": "22",
                                                    "left": "8",
                                                    "isLinked": false
                                                },
                                                "_margin": {
                                                    "unit": "px",
                                                    "top": "0",
                                                    "right": "0",
                                                    "bottom": "0",
                                                    "left": "0",
                                                    "isLinked": false
                                                },
                                                "_padding": {
                                                    "unit": "px",
                                                    "top": "0",
                                                    "right": "0",
                                                    "bottom": "0",
                                                    "left": "0",
                                                    "isLinked": false
                                                }
                                            },
                                            "elements": [],
                                            "isInner": false,
                                            "widgetType": "button",
                                            "elType": "widget"
                                        }
                                    ],
                                    "isInner": true,
                                    "elType": "column"
                                },
                                {
                                    "id": "5e121ff6",
                                    "settings": {
                                        "_column_size": 12,
                                        "_inline_size": null,
                                        "_inline_size_tablet": 25,
                                        "content_position": "center",
                                        "align": "center",
                                        "space_between_widgets": 0,
                                        "background_background": "classic",
                                        "margin": {
                                            "unit": "em",
                                            "top": "",
                                            "right": "",
                                            "bottom": "",
                                            "left": "",
                                            "isLinked": true
                                        },
                                        "padding": {
                                            "unit": "px",
                                            "top": "5",
                                            "right": "5",
                                            "bottom": "5",
                                            "left": "5",
                                            "isLinked": true
                                        }
                                    },
                                    "elements": [
                                        {
                                            "id": "2841a6f9",
                                            "settings": {
                                                "text": "Manager Job",
                                                "link": {
                                                    "url": "http:\/\/roythemes.com\/demo\/tk\/insta\/template-kit\/manager-job\/",
                                                    "is_external": "",
                                                    "nofollow": "",
                                                    "custom_attributes": ""
                                                },
                                                "align": "justify",
                                                "size": "lg",
                                                "typography_typography": "custom",
                                                "typography_font_family": "Ubuntu",
                                                "typography_font_size": {
                                                    "unit": "px",
                                                    "size": 18,
                                                    "sizes": []
                                                },
                                                "typography_font_weight": "500",
                                                "typography_line_height": {
                                                    "unit": "em",
                                                    "size": 1,
                                                    "sizes": []
                                                },
                                                "typography_letter_spacing": {
                                                    "unit": "px",
                                                    "size": -0.5,
                                                    "sizes": []
                                                },
                                                "button_text_color": "#000000",
                                                "background_color": "#ECF2FA",
                                                "hover_color": "#000000",
                                                "button_background_hover_color": "#EEBFFF",
                                                "border_radius": {
                                                    "unit": "px",
                                                    "top": "0",
                                                    "right": "0",
                                                    "bottom": "0",
                                                    "left": "0",
                                                    "isLinked": false
                                                },
                                                "text_padding": {
                                                    "unit": "px",
                                                    "top": "22",
                                                    "right": "0",
                                                    "bottom": "22",
                                                    "left": "0",
                                                    "isLinked": false
                                                },
                                                "_margin": {
                                                    "unit": "px",
                                                    "top": "0",
                                                    "right": "0",
                                                    "bottom": "0",
                                                    "left": "0",
                                                    "isLinked": false
                                                },
                                                "_padding": {
                                                    "unit": "px",
                                                    "top": "0",
                                                    "right": "0",
                                                    "bottom": "0",
                                                    "left": "0",
                                                    "isLinked": false
                                                }
                                            },
                                            "elements": [],
                                            "isInner": false,
                                            "widgetType": "button",
                                            "elType": "widget"
                                        }
                                    ],
                                    "isInner": true,
                                    "elType": "column"
                                },
                                {
                                    "id": "2d7397c8",
                                    "settings": {
                                        "_column_size": 12,
                                        "_inline_size": null,
                                        "_inline_size_tablet": 25,
                                        "content_position": "center",
                                        "align": "center",
                                        "space_between_widgets": 0,
                                        "background_background": "classic",
                                        "margin": {
                                            "unit": "em",
                                            "top": "",
                                            "right": "",
                                            "bottom": "",
                                            "left": "",
                                            "isLinked": true
                                        },
                                        "padding": {
                                            "unit": "px",
                                            "top": "5",
                                            "right": "5",
                                            "bottom": "5",
                                            "left": "5",
                                            "isLinked": true
                                        }
                                    },
                                    "elements": [
                                        {
                                            "id": "2cd99259",
                                            "settings": {
                                                "text": "Designer Job",
                                                "link": {
                                                    "url": "http:\/\/roythemes.com\/demo\/tk\/insta\/template-kit\/designer-job\/",
                                                    "is_external": "",
                                                    "nofollow": "",
                                                    "custom_attributes": ""
                                                },
                                                "align": "justify",
                                                "size": "lg",
                                                "typography_typography": "custom",
                                                "typography_font_family": "Ubuntu",
                                                "typography_font_size": {
                                                    "unit": "px",
                                                    "size": 18,
                                                    "sizes": []
                                                },
                                                "typography_font_weight": "500",
                                                "typography_line_height": {
                                                    "unit": "em",
                                                    "size": 1,
                                                    "sizes": []
                                                },
                                                "typography_letter_spacing": {
                                                    "unit": "px",
                                                    "size": -0.5,
                                                    "sizes": []
                                                },
                                                "button_text_color": "#000000",
                                                "background_color": "#ECF2FA",
                                                "hover_color": "#000000",
                                                "button_background_hover_color": "#EEBFFF",
                                                "border_radius": {
                                                    "unit": "px",
                                                    "top": "0",
                                                    "right": "0",
                                                    "bottom": "0",
                                                    "left": "0",
                                                    "isLinked": false
                                                },
                                                "text_padding": {
                                                    "unit": "px",
                                                    "top": "22",
                                                    "right": "0",
                                                    "bottom": "22",
                                                    "left": "0",
                                                    "isLinked": false
                                                },
                                                "_margin": {
                                                    "unit": "px",
                                                    "top": "0",
                                                    "right": "0",
                                                    "bottom": "0",
                                                    "left": "0",
                                                    "isLinked": false
                                                },
                                                "_padding": {
                                                    "unit": "px",
                                                    "top": "0",
                                                    "right": "0",
                                                    "bottom": "0",
                                                    "left": "0",
                                                    "isLinked": false
                                                }
                                            },
                                            "elements": [],
                                            "isInner": false,
                                            "widgetType": "button",
                                            "elType": "widget"
                                        }
                                    ],
                                    "isInner": true,
                                    "elType": "column"
                                }
                            ],
                            "isInner": true,
                            "elType": "section"
                        }
                    ],
                    "isInner": false,
                    "elType": "column"
                }
            ],
            "isInner": false,
            "elType": "section"
        }
    ],
    "page_settings": {
        "eael_ext_toc_title": "Table of Contents",
        "template": "elementor_canvas"
    }
}